"job_id;""sequence_number"";""sequence_identifier"";""full_name"";""sequence_score"";""bp_score"";""cutoff_head"";""cutoff_tail"";""identity"";""quality"";""startpos"";""stoppos"";""ecolipos"";""bps"";""gene_bps"";""turn"";""lca_tax_embl"";""lca_tax_greengenes"";""lca_tax_ltp"";""lca_tax_rdp"";""lca_tax_slv"""
"540028;""1"";""253-16S-rRNA-SeqF"";""None"";""0.986492"";""115"";""176"";""138"";""99.3852"";""98"";""830"";""43407"";""1"";""1832"";""1537"";""none"";""Bacteria;Proteobacteria;Betaproteobacteria;Burkholderiales;Alcaligenaceae;Alcaligenes;"";""k__Bacteria;p__Proteobacteria;c__Betaproteobacteria;o__Burkholderiales;f__Alcaligenaceae;"";""Unclassified;"";""Bacteria;""""Proteobacteria"""";Betaproteobacteria;Burkholderiales;Alcaligenaceae;Alcaligenes;"";""Bacteria;Proteobacteria;Gammaproteobacteria;Betaproteobacteriales;Burkholderiaceae;Alcaligenes;"""
"540028;""2"";""254-16S-rRNA-SeqF"";""None"";""0.989415"";""114"";""182"";""151"";""99.449"";""98"";""824"";""43426"";""1"";""1848"";""1528"";""none"";""Bacteria;Proteobacteria;Gammaproteobacteria;Enterobacterales;Enterobacteriaceae;Klebsiella;"";""k__Bacteria;p__Proteobacteria;c__Gammaproteobacteria;o__Enterobacteriales;f__Enterobacteriaceae;g__Klebsiella;"";""Unclassified;"";""Bacteria;""""Proteobacteria"""";Gammaproteobacteria;""""Enterobacteriales"""";Enterobacteriaceae;Klebsiella;"";""Bacteria;Proteobacteria;Gammaproteobacteria;Enterobacteriales;Enterobacteriaceae;Klebsiella;"""
"540028;""3"";""255-16S-rRNA-SeqF"";""None"";""0.992217"";""114"";""153"";""196"";""99.3347"";""99"";""853"";""43465"";""1"";""1866"";""1536"";""none"";""Bacteria;Proteobacteria;Betaproteobacteria;Burkholderiales;Alcaligenaceae;Alcaligenes;"";""k__Bacteria;p__Proteobacteria;c__Betaproteobacteria;o__Burkholderiales;f__Alcaligenaceae;"";""Unclassified;"";""Bacteria;""""Proteobacteria"""";Betaproteobacteria;Burkholderiales;Alcaligenaceae;Alcaligenes;"";""Bacteria;Proteobacteria;Gammaproteobacteria;Betaproteobacteriales;Burkholderiaceae;Alcaligenes;"""
"540028;""4"";""256-16S-rRNA-SeqF"";""None"";""0.613523"";""43"";""0"";""0"";""59.7441"";""61"";""11896"";""43186"";""516"";""989"";""989"";""none"";""Unclassified;"";""Unclassified;"";""Unclassified;"";""Unclassified;"";""Unclassified;"""
"540028;""5"";""257-16S-rRNA-SeqF"";""None"";""0.993266"";""114"";""159"";""165"";""99.7744"";""99"";""847"";""43434"";""1"";""1843"";""1538"";""none"";""Bacteria;Proteobacteria;Gammaproteobacteria;Pseudomonadales;Pseudomonadaceae;Pseudomonas;"";""Unclassified;"";""Unclassified;"";""Bacteria;""""Proteobacteria"""";Gammaproteobacteria;Pseudomonadales;Pseudomonadaceae;Pseudomonas;"";""Bacteria;Proteobacteria;Gammaproteobacteria;Pseudomonadales;Pseudomonadaceae;Pseudomonas;"""
"540028;""6"";""258-16S-rRNA-SeqF"";""None"";""0.986934"";""116"";""146"";""153"";""99.7875"";""98"";""860"";""43422"";""1"";""1818"";""1538"";""none"";""Bacteria;Proteobacteria;Gammaproteobacteria;Pseudomonadales;Pseudomonadaceae;Pseudomonas;"";""k__Bacteria;p__Proteobacteria;c__Gammaproteobacteria;o__Pseudomonadales;f__Pseudomonadaceae;g__Pseudomonas;"";""Unclassified;"";""Bacteria;""""Proteobacteria"""";Gammaproteobacteria;Pseudomonadales;Pseudomonadaceae;Pseudomonas;"";""Bacteria;Proteobacteria;Gammaproteobacteria;Pseudomonadales;Pseudomonadaceae;Pseudomonas;"""
"540028;""7"";""259-16S-rRNA-SeqF"";""None"";""0.990505"";""114"";""114"";""163"";""99.3089"";""99"";""892"";""43432"";""1"";""1799"";""1541"";""none"";""Bacteria;Proteobacteria;Gammaproteobacteria;Enterobacterales;Enterobacteriaceae;"";""Unclassified;"";""Unclassified;"";""Bacteria;""""Proteobacteria"""";Gammaproteobacteria;""""Enterobacteriales"""";Enterobacteriaceae;Citrobacter;"";""Bacteria;Proteobacteria;Gammaproteobacteria;Enterobacteriales;Enterobacteriaceae;Citrobacter;"""
"540028;""8"";""260-16S-rRNA-SeqF"";""None"";""0.984854"";""113"";""60"";""82"";""99.3027"";""98"";""946"";""43351"";""1"";""1665"";""1542"";""none"";""Bacteria;Firmicutes;Bacilli;Bacillales;Bacillaceae;Bacillus;Bacillus amyloliquefaciens group;"";""k__Bacteria;p__Firmicutes;c__Bacilli;o__Bacillales;f__Bacillaceae;g__Bacillus;"";""Unclassified;"";""Bacteria;Firmicutes;Bacilli;Bacillales;Bacillaceae 1;Bacillus;"";""Bacteria;Firmicutes;Bacilli;Bacillales;Bacillaceae;Bacillus;"""
"540028;""9"";""261-16S-rRNA-SeqF"";""None"";""0.992319"";""115"";""179"";""142"";""99.7938"";""99"";""827"";""43411"";""1"";""1837"";""1535"";""none"";""Bacteria;Proteobacteria;Gammaproteobacteria;Pseudomonadales;Pseudomonadaceae;Pseudomonas;"";""k__Bacteria;p__Proteobacteria;c__Gammaproteobacteria;o__Pseudomonadales;f__Pseudomonadaceae;g__Pseudomonas;"";""Unclassified;"";""Bacteria;""""Proteobacteria"""";Gammaproteobacteria;Pseudomonadales;Pseudomonadaceae;Pseudomonas;"";""Bacteria;Proteobacteria;Gammaproteobacteria;Pseudomonadales;Pseudomonadaceae;Pseudomonas;"""
"540028;""10"";""262-16S-rRNA-SeqF"";""None"";""0.988951"";""107"";""181"";""168"";""99.2982"";""98"";""825"";""43415"";""1"";""1856"";""1548"";""none"";""Bacteria;Proteobacteria;Gammaproteobacteria;Enterobacterales;Yersiniaceae;Serratia;"";""Unclassified;"";""Unclassified;"";""Bacteria;""""Proteobacteria"""";Gammaproteobacteria;""""Enterobacteriales"""";Enterobacteriaceae;Serratia;"";""Bacteria;Proteobacteria;Gammaproteobacteria;Enterobacteriales;Enterobacteriaceae;Serratia;"""
"540028;""11"";""263-16S-rRNA-SeqF"";""None"";""0.990637"";""110"";""198"";""205"";""99.439"";""99"";""808"";""43443"";""1"";""1905"";""1552"";""none"";""Bacteria;Proteobacteria;Gammaproteobacteria;Enterobacterales;Yersiniaceae;Serratia;"";""Unclassified;"";""Unclassified;"";""Bacteria;""""Proteobacteria"""";Gammaproteobacteria;""""Enterobacteriales"""";Enterobacteriaceae;Serratia;"";""Bacteria;Proteobacteria;Gammaproteobacteria;Enterobacteriales;Enterobacteriaceae;Serratia;"""
"540028;""12"";""264-16S-rRNA-SeqF"";""None"";""0.990368"";""116"";""201"";""192"";""99.7938"";""99"";""805"";""43461"";""1"";""1912"";""1538"";""none"";""Bacteria;Proteobacteria;Gammaproteobacteria;Pseudomonadales;Pseudomonadaceae;Pseudomonas;"";""Unclassified;"";""Unclassified;"";""Bacteria;""""Proteobacteria"""";Gammaproteobacteria;Pseudomonadales;Pseudomonadaceae;Pseudomonas;"";""Bacteria;Proteobacteria;Gammaproteobacteria;Pseudomonadales;Pseudomonadaceae;Pseudomonas;"""
"540028;""13"";""265-16S-rRNA-SeqF"";""None"";""0.993743"";""110"";""181"";""213"";""99.3684"";""99"";""825"";""43451"";""1"";""1895"";""1551"";""none"";""Bacteria;Proteobacteria;Gammaproteobacteria;Enterobacterales;Yersiniaceae;Serratia;"";""Unclassified;"";""Unclassified;"";""Bacteria;""""Proteobacteria"""";Gammaproteobacteria;""""Enterobacteriales"""";Enterobacteriaceae;Serratia;"";""Bacteria;Proteobacteria;Gammaproteobacteria;Enterobacteriales;Enterobacteriaceae;Serratia;"""
"540028;""14"";""266-16S-rRNA-SeqF"";""None"";""0.993329"";""115"";""179"";""192"";""99.3615"";""99"";""827"";""43452"";""1"";""1884"";""1541"";""none"";""Bacteria;Proteobacteria;Gammaproteobacteria;Pseudomonadales;Pseudomonadaceae;Pseudomonas;"";""Unclassified;"";""Unclassified;"";""Bacteria;""""Proteobacteria"""";Gammaproteobacteria;Pseudomonadales;Pseudomonadaceae;Pseudomonas;"";""Bacteria;Proteobacteria;Gammaproteobacteria;Pseudomonadales;Pseudomonadaceae;Pseudomonas;"""
"540028;""15"";""267-16S-rRNA-SeqF"";""None"";""0.988654"";""114"";""161"";""174"";""98.9625"";""98"";""845"";""43410"";""1"";""1837"";""1554"";""none"";""Bacteria;Proteobacteria;Gammaproteobacteria;Pseudomonadales;Pseudomonadaceae;Pseudomonas;"";""k__Bacteria;p__Proteobacteria;c__Gammaproteobacteria;o__Pseudomonadales;f__Pseudomonadaceae;g__Pseudomonas;"";""Unclassified;"";""Bacteria;""""Proteobacteria"""";Gammaproteobacteria;Pseudomonadales;Pseudomonadaceae;Pseudomonas;"";""Bacteria;Proteobacteria;Gammaproteobacteria;Pseudomonadales;Pseudomonadaceae;Pseudomonas;"""
"540028;""16"";""268-16S-rRNA-SeqF"";""None"";""0.992827"";""118"";""96"";""86"";""99.7948"";""99"";""910"";""43355"";""1"";""1709"";""1546"";""none"";""Bacteria;Firmicutes;Bacilli;Bacillales;Bacillaceae;Bacillus;"";""k__Bacteria;p__Firmicutes;c__Bacilli;o__Bacillales;f__Bacillaceae;g__Bacillus;s__muralis;"";""Bacteria;Actinobacteria;Actinobacteria;Micrococcales;Brevibacteriaceae;Brevibacterium;"";""Bacteria;Firmicutes;Bacilli;Bacillales;Bacillaceae 1;Bacillus;"";""Bacteria;Firmicutes;Bacilli;Bacillales;Bacillaceae;Bacillus;"""
"540028;""17"";""269-16S-rRNA-SeqF"";""None"";""0.990842"";""114"";""212"";""150"";""99.5907"";""99"";""794"";""43419"";""1"";""1883"";""1540"";""none"";""Bacteria;Proteobacteria;Gammaproteobacteria;Enterobacterales;Enterobacteriaceae;Enterobacter;Enterobacter cloacae complex;"";""Unclassified;"";""Unclassified;"";""Unclassified;"";""Bacteria;Proteobacteria;Gammaproteobacteria;Enterobacteriales;Enterobacteriaceae;Enterobacter;"""
"540028;""18"";""270-16S-rRNA-SeqF"";""None"";""0.988397"";""115"";""218"";""185"";""99.3137"";""98"";""788"";""43454"";""1"";""1923"";""1539"";""none"";""Bacteria;Proteobacteria;Gammaproteobacteria;Enterobacterales;Enterobacteriaceae;"";""Unclassified;"";""Unclassified;"";""Bacteria;""""Proteobacteria"""";Gammaproteobacteria;""""Enterobacteriales"""";Enterobacteriaceae;Citrobacter;"";""Bacteria;Proteobacteria;Gammaproteobacteria;Enterobacteriales;Enterobacteriaceae;Citrobacter;"""
"540028;""19"";""271-16S-rRNA-SeqF"";""None"";""0.990073"";""114"";""191"";""211"";""98.8677"";""99"";""815"";""43471"";""1"";""1917"";""1543"";""none"";""Bacteria;"";""k__Bacteria;p__Proteobacteria;c__Gammaproteobacteria;o__Enterobacteriales;f__Enterobacteriaceae;"";""Unclassified;"";""Bacteria;""""Proteobacteria"""";Gammaproteobacteria;""""Enterobacteriales"""";Enterobacteriaceae;Enterobacter;"";""Bacteria;Proteobacteria;Gammaproteobacteria;Enterobacteriales;Enterobacteriaceae;Enterobacter;"""
"540028;""20"";""272-16S-rRNA-SeqF"";""None"";""0.992098"";""114"";""216"";""241"";""99.5211"";""99"";""790"";""43501"";""1"";""1974"";""1545"";""none"";""Bacteria;"";""k__Bacteria;p__Proteobacteria;c__Gammaproteobacteria;o__Pseudomonadales;f__Pseudomonadaceae;g__Pseudomonas;"";""Unclassified;"";""Bacteria;""""Proteobacteria"""";Gammaproteobacteria;Pseudomonadales;Pseudomonadaceae;Pseudomonas;"";""Bacteria;Proteobacteria;Gammaproteobacteria;Pseudomonadales;Pseudomonadaceae;Pseudomonas;"""
"540028;""21"";""273-16S-rRNA-SeqF"";""None"";""0.986022"";""113"";""172"";""211"";""99.3605"";""98"";""834"";""43480"";""1"";""1903"";""1539"";""none"";""Bacteria;Proteobacteria;Gammaproteobacteria;Enterobacterales;Enterobacteriaceae;Enterobacter;Enterobacter cloacae complex;"";""Unclassified;"";""Unclassified;"";""Unclassified;"";""Bacteria;Proteobacteria;Gammaproteobacteria;Enterobacteriales;Enterobacteriaceae;Enterobacter;"""
"540028;""22"";""274-16S-rRNA-SeqF"";""None"";""0.984033"";""114"";""122"";""80"";""99.5189"";""98"";""884"";""43349"";""1"";""1714"";""1531"";""none"";""Bacteria;Proteobacteria;Gammaproteobacteria;Pseudomonadales;Pseudomonadaceae;Pseudomonas;"";""Unclassified;"";""Unclassified;"";""Bacteria;""""Proteobacteria"""";Gammaproteobacteria;Pseudomonadales;Pseudomonadaceae;Pseudomonas;"";""Bacteria;Proteobacteria;Gammaproteobacteria;Pseudomonadales;Pseudomonadaceae;Pseudomonas;"""
"540028;""23"";""275-16S-rRNA-SeqF"";""None"";""0.991115"";""114"";""174"";""183"";""99.3861"";""99"";""832"";""43452"";""1"";""1878"";""1540"";""none"";""Bacteria;Proteobacteria;Gammaproteobacteria;Enterobacterales;Enterobacteriaceae;Enterobacter;Enterobacter cloacae complex;"";""k__Bacteria;p__Proteobacteria;c__Gammaproteobacteria;o__Enterobacteriales;f__Enterobacteriaceae;"";""Unclassified;"";""Bacteria;""""Proteobacteria"""";Gammaproteobacteria;""""Enterobacteriales"""";Enterobacteriaceae;unclassified_Enterobacteriaceae;"";""Bacteria;Proteobacteria;Gammaproteobacteria;Enterobacteriales;Enterobacteriaceae;Enterobacter;"""
"540028;""24"";""276-16S-rRNA-SeqF"";""None"";""0.99117"";""113"";""133"";""161"";""99.08"";""99"";""873"";""43421"";""1"";""1808"";""1542"";""none"";""Bacteria;"";""k__Bacteria;p__Proteobacteria;c__Gammaproteobacteria;o__Enterobacteriales;f__Enterobacteriaceae;"";""Unclassified;"";""Bacteria;""""Proteobacteria"""";Gammaproteobacteria;""""Enterobacteriales"""";Enterobacteriaceae;Enterobacter;"";""Bacteria;Proteobacteria;Gammaproteobacteria;Enterobacteriales;Enterobacteriaceae;Enterobacter;"""
"540028;""25"";""277-16S-rRNA-SeqF"";""None"";""0.982834"";""112"";""221"";""147"";""99.1809"";""98"";""785"";""43416"";""1"";""1886"";""1537"";""none"";""Bacteria;Proteobacteria;Gammaproteobacteria;Enterobacterales;Enterobacteriaceae;Raoultella;"";""k__Bacteria;p__Proteobacteria;c__Gammaproteobacteria;o__Enterobacteriales;f__Enterobacteriaceae;"";""Unclassified;"";""Bacteria;""""Proteobacteria"""";Gammaproteobacteria;""""Enterobacteriales"""";Enterobacteriaceae;Raoultella;"";""Bacteria;Proteobacteria;Gammaproteobacteria;Enterobacteriales;Enterobacteriaceae;Raoultella;"""
"540028;""26"";""278-16S-rRNA-SeqF"";""None"";""0.991876"";""116"";""147"";""185"";""99.5162"";""99"";""859"";""43454"";""1"";""1852"";""1539"";""none"";""Bacteria;Proteobacteria;Gammaproteobacteria;Enterobacterales;Enterobacteriaceae;"";""k__Bacteria;p__Proteobacteria;c__Gammaproteobacteria;o__Enterobacteriales;f__Enterobacteriaceae;"";""Unclassified;"";""Bacteria;""""Proteobacteria"""";Gammaproteobacteria;""""Enterobacteriales"""";Enterobacteriaceae;Citrobacter;"";""Bacteria;Proteobacteria;Gammaproteobacteria;Enterobacteriales;Enterobacteriaceae;Citrobacter;"""
"540028;""27"";""279-16S-rRNA-SeqF"";""None"";""0.987108"";""115"";""143"";""127"";""99.3785"";""98"";""863"";""43396"";""1"";""1788"";""1537"";""none"";""Bacteria;Proteobacteria;Gammaproteobacteria;Enterobacterales;Enterobacteriaceae;"";""k__Bacteria;p__Proteobacteria;c__Gammaproteobacteria;o__Enterobacteriales;f__Enterobacteriaceae;"";""Unclassified;"";""Bacteria;""""Proteobacteria"""";Gammaproteobacteria;""""Enterobacteriales"""";Enterobacteriaceae;Citrobacter;"";""Bacteria;Proteobacteria;Gammaproteobacteria;Enterobacteriales;Enterobacteriaceae;Citrobacter;"""
"540028;""28"";""280-16S-rRNA-SeqF"";""None"";""0.990903"";""114"";""240"";""219"";""99.437"";""99"";""766"";""43479"";""1"";""1971"";""1540"";""none"";""Bacteria;Proteobacteria;Gammaproteobacteria;Enterobacterales;Enterobacteriaceae;"";""Unclassified;"";""Unclassified;"";""Bacteria;""""Proteobacteria"""";Gammaproteobacteria;""""Enterobacteriales"""";Enterobacteriaceae;Enterobacter;"";""Bacteria;Proteobacteria;Gammaproteobacteria;Enterobacteriales;Enterobacteriaceae;Enterobacter;"""
"540028;""29"";""281-16S-rRNA-SeqF"";""None"";""0.988057"";""112"";""172"";""141"";""99.2588"";""98"";""834"";""43376"";""1"";""1807"";""1547"";""none"";""Bacteria;Proteobacteria;Gammaproteobacteria;Pseudomonadales;Pseudomonadaceae;Pseudomonas;"";""k__Bacteria;p__Proteobacteria;c__Gammaproteobacteria;o__Pseudomonadales;f__Pseudomonadaceae;g__Pseudomonas;"";""Unclassified;"";""Bacteria;""""Proteobacteria"""";Gammaproteobacteria;Pseudomonadales;Pseudomonadaceae;Pseudomonas;"";""Bacteria;Proteobacteria;Gammaproteobacteria;Pseudomonadales;Pseudomonadaceae;Pseudomonas;"""
"540028;""30"";""282-16S-rRNA-SeqF"";""None"";""0.991794"";""115"";""139"";""128"";""99.5189"";""99"";""867"";""43397"";""1"";""1791"";""1543"";""none"";""Bacteria;Proteobacteria;Gammaproteobacteria;Enterobacterales;Enterobacteriaceae;Enterobacter;Enterobacter cloacae complex;"";""Unclassified;"";""Unclassified;"";""Unclassified;"";""Bacteria;Proteobacteria;Gammaproteobacteria;Enterobacteriales;Enterobacteriaceae;Enterobacter;"""
"540028;""31"";""283-16S-rRNA-SeqF"";""None"";""0.991108"";""115"";""162"";""189"";""99.5862"";""99"";""844"";""43424"";""1"";""1849"";""1551"";""none"";""Bacteria;"";""k__Bacteria;p__Proteobacteria;c__Gammaproteobacteria;o__Enterobacteriales;f__Enterobacteriaceae;"";""Unclassified;"";""Bacteria;""""Proteobacteria"""";Gammaproteobacteria;""""Enterobacteriales"""";Enterobacteriaceae;Enterobacter;"";""Bacteria;Proteobacteria;Gammaproteobacteria;Enterobacteriales;Enterobacteriaceae;Enterobacter;"""
"540028;""32"";""284-16S-rRNA-SeqF"";""None"";""0.993094"";""109"";""114"";""152"";""99.3689"";""99"";""892"";""43412"";""1"";""1771"";""1533"";""none"";""Bacteria;Proteobacteria;Gammaproteobacteria;Enterobacterales;Yersiniaceae;Serratia;"";""Unclassified;"";""Unclassified;"";""Bacteria;""""Proteobacteria"""";Gammaproteobacteria;""""Enterobacteriales"""";Enterobacteriaceae;Serratia;"";""Bacteria;Proteobacteria;Gammaproteobacteria;Enterobacteriales;Enterobacteriaceae;Serratia;"""
"540028;""33"";""285-16S-rRNA-SeqF"";""None"";""0.990281"";""109"";""189"";""172"";""99.2987"";""99"";""817"";""43419"";""1"";""1872"";""1552"";""none"";""Bacteria;Proteobacteria;Gammaproteobacteria;Enterobacterales;Yersiniaceae;Serratia;"";""k__Bacteria;p__Proteobacteria;c__Gammaproteobacteria;o__Enterobacteriales;f__Enterobacteriaceae;g__Gluconacetobacter;"";""Unclassified;"";""Bacteria;""""Proteobacteria"""";Gammaproteobacteria;""""Enterobacteriales"""";Enterobacteriaceae;Serratia;"";""Bacteria;Proteobacteria;Gammaproteobacteria;Enterobacteriales;Enterobacteriaceae;Serratia;"""
"540028;""34"";""286-16S-rRNA-SeqF"";""None"";""0.991436"";""117"";""217"";""159"";""99.2458"";""99"";""789"";""43428"";""1"";""1900"";""1543"";""none"";""Bacteria;Proteobacteria;Gammaproteobacteria;Enterobacterales;Enterobacteriaceae;"";""k__Bacteria;p__Proteobacteria;c__Gammaproteobacteria;o__Enterobacteriales;f__Enterobacteriaceae;g__Citrobacter;"";""Unclassified;"";""Unclassified;"";""Bacteria;Proteobacteria;Gammaproteobacteria;Enterobacteriales;Enterobacteriaceae;Citrobacter;"""
"540028;""35"";""287-16S-rRNA-SeqF"";""None"";""0.985825"";""114"";""190"";""171"";""99.6269"";""98"";""816"";""43440"";""1"";""1875"";""1533"";""none"";""Bacteria;Proteobacteria;Gammaproteobacteria;Enterobacterales;Enterobacteriaceae;Raoultella;"";""Unclassified;"";""Unclassified;"";""Bacteria;""""Proteobacteria"""";Gammaproteobacteria;""""Enterobacteriales"""";Enterobacteriaceae;Raoultella;"";""Bacteria;Proteobacteria;Gammaproteobacteria;Enterobacteriales;Enterobacteriaceae;Raoultella;"""
"540028;""36"";""288-16S-rRNA-SeqF"";""None"";""0.973501"";""107"";""127"";""70"";""98.6597"";""97"";""879"";""43339"";""1"";""1711"";""1533"";""none"";""Bacteria;Proteobacteria;Gammaproteobacteria;Enterobacterales;Enterobacteriaceae;Raoultella;"";""k__Bacteria;p__Proteobacteria;c__Gammaproteobacteria;o__Enterobacteriales;f__Enterobacteriaceae;"";""Unclassified;"";""Bacteria;""""Proteobacteria"""";Gammaproteobacteria;""""Enterobacteriales"""";Enterobacteriaceae;Raoultella;"";""Bacteria;Proteobacteria;Gammaproteobacteria;Enterobacteriales;Enterobacteriaceae;Raoultella;"""
"540028;""37"";""289-16S-rRNA-SeqF"";""None"";""0.990754"";""114"";""212"";""119"";""99.4471"";""99"";""794"";""43388"";""1"";""1852"";""1540"";""none"";""Bacteria;Proteobacteria;Gammaproteobacteria;Enterobacterales;Enterobacteriaceae;Citrobacter;Citrobacter freundii complex;"";""k__Bacteria;p__Proteobacteria;c__Gammaproteobacteria;o__Enterobacteriales;f__Enterobacteriaceae;"";""Unclassified;"";""Bacteria;""""Proteobacteria"""";Gammaproteobacteria;""""Enterobacteriales"""";Enterobacteriaceae;Citrobacter;"";""Bacteria;Proteobacteria;Gammaproteobacteria;Enterobacteriales;Enterobacteriaceae;Citrobacter;"""
"540028;""38"";""290-16S-rRNA-SeqF"";""None"";""0.991097"";""115"";""173"";""161"";""99.4418"";""99"";""833"";""43421"";""1"";""1843"";""1537"";""none"";""Bacteria;Proteobacteria;Gammaproteobacteria;Pseudomonadales;Pseudomonadaceae;Pseudomonas;"";""k__Bacteria;p__Proteobacteria;c__Gammaproteobacteria;o__Pseudomonadales;f__Pseudomonadaceae;g__Pseudomonas;"";""Unclassified;"";""Bacteria;""""Proteobacteria"""";Gammaproteobacteria;Pseudomonadales;Pseudomonadaceae;Pseudomonas;"";""Bacteria;Proteobacteria;Gammaproteobacteria;Pseudomonadales;Pseudomonadaceae;Pseudomonas;"""
"540028;""39"";""291-16S-rRNA-SeqF"";""None"";""0.961993"";""106"";""95"";""0"";""98.2887"";""96"";""911"";""43248"";""1"";""1593"";""1505"";""none"";""Bacteria;Proteobacteria;Gammaproteobacteria;Enterobacterales;Enterobacteriaceae;"";""k__Bacteria;p__Proteobacteria;c__Gammaproteobacteria;o__Enterobacteriales;f__Enterobacteriaceae;"";""Unclassified;"";""Bacteria;""""Proteobacteria"""";Gammaproteobacteria;""""Enterobacteriales"""";Enterobacteriaceae;Raoultella;"";""Bacteria;Proteobacteria;Gammaproteobacteria;Enterobacteriales;Enterobacteriaceae;Raoultella;"""
"540028;""40"";""292-16S-rRNA-SeqF"";""None"";""0.976943"";""108"";""137"";""124"";""98.6384"";""97"";""869"";""43393"";""1"";""1775"";""1533"";""none"";""Bacteria;Proteobacteria;Gammaproteobacteria;Enterobacterales;Enterobacteriaceae;Raoultella;"";""k__Bacteria;p__Proteobacteria;c__Gammaproteobacteria;o__Enterobacteriales;f__Enterobacteriaceae;"";""Unclassified;"";""Bacteria;""""Proteobacteria"""";Gammaproteobacteria;""""Enterobacteriales"""";Enterobacteriaceae;Raoultella;"";""Bacteria;Proteobacteria;Gammaproteobacteria;Enterobacteriales;Enterobacteriaceae;Raoultella;"""
"540028;""41"";""293-16S-rRNA-SeqF"";""None"";""0.988778"";""115"";""176"";""156"";""99.2393"";""98"";""830"";""43425"";""1"";""1847"";""1534"";""none"";""Bacteria;Proteobacteria;Gammaproteobacteria;Enterobacterales;Enterobacteriaceae;Citrobacter;Citrobacter freundii complex;"";""k__Bacteria;p__Proteobacteria;c__Gammaproteobacteria;o__Enterobacteriales;f__Enterobacteriaceae;"";""Unclassified;"";""Bacteria;""""Proteobacteria"""";Gammaproteobacteria;""""Enterobacteriales"""";Enterobacteriaceae;Citrobacter;"";""Bacteria;Proteobacteria;Gammaproteobacteria;Enterobacteriales;Enterobacteriaceae;Citrobacter;"""
"540028;""42"";""294-16S-rRNA-SeqF"";""None"";""0.987638"";""115"";""184"";""156"";""99.3754"";""98"";""822"";""43425"";""1"";""1858"";""1537"";""none"";""Bacteria;Proteobacteria;Gammaproteobacteria;"";""k__Bacteria;p__Proteobacteria;c__Gammaproteobacteria;o__Pseudomonadales;f__Pseudomonadaceae;g__Pseudomonas;s__viridiflava;"";""Unclassified;"";""Bacteria;""""Proteobacteria"""";Gammaproteobacteria;Pseudomonadales;Pseudomonadaceae;Pseudomonas;"";""Bacteria;Proteobacteria;Gammaproteobacteria;Pseudomonadales;Pseudomonadaceae;Pseudomonas;"""
"540028;""43"";""295-16S-rRNA-SeqF"";""None"";""0.984206"";""114"";""232"";""185"";""99.2548"";""98"";""774"";""43426"";""1"";""1920"";""1550"";""none"";""Bacteria;Proteobacteria;Gammaproteobacteria;Enterobacterales;Enterobacteriaceae;Klebsiella;"";""k__Bacteria;p__Proteobacteria;c__Gammaproteobacteria;o__Enterobacteriales;f__Enterobacteriaceae;"";""Unclassified;"";""Bacteria;""""Proteobacteria"""";Gammaproteobacteria;""""Enterobacteriales"""";Enterobacteriaceae;Klebsiella;"";""Bacteria;Proteobacteria;Gammaproteobacteria;Enterobacteriales;Enterobacteriaceae;Klebsiella;"""
"540028;""44"";""296-16S-rRNA-SeqF"";""None"";""0.991854"";""116"";""214"";""179"";""99.6559"";""99"";""792"";""43420"";""1"";""1901"";""1555"";""none"";""Bacteria;Proteobacteria;Gammaproteobacteria;Enterobacterales;Enterobacteriaceae;Klebsiella;"";""k__Bacteria;p__Proteobacteria;c__Gammaproteobacteria;o__Enterobacteriales;f__Enterobacteriaceae;"";""Unclassified;"";""Bacteria;""""Proteobacteria"""";Gammaproteobacteria;""""Enterobacteriales"""";Enterobacteriaceae;Klebsiella;"";""Bacteria;Proteobacteria;Gammaproteobacteria;Enterobacteriales;Enterobacteriaceae;Klebsiella;"""
"540028;""45"";""297-16S-rRNA-SeqF"";""None"";""0.990666"";""114"";""198"";""208"";""99.4784"";""99"";""808"";""43449"";""1"";""1910"";""1551"";""none"";""Bacteria;Proteobacteria;Gammaproteobacteria;Enterobacterales;Enterobacteriaceae;Klebsiella;"";""Unclassified;"";""Unclassified;"";""Unclassified;"";""Bacteria;Proteobacteria;Gammaproteobacteria;Enterobacteriales;Enterobacteriaceae;Klebsiella;"""
"540028;""46"";""298-16S-rRNA-SeqF"";""None"";""0.98777"";""113"";""171"";""163"";""99.306"";""98"";""835"";""43432"";""1"";""1848"";""1533"";""none"";""Bacteria;Proteobacteria;Gammaproteobacteria;Pseudomonadales;Pseudomonadaceae;Pseudomonas;"";""k__Bacteria;p__Proteobacteria;c__Gammaproteobacteria;o__Pseudomonadales;f__Pseudomonadaceae;g__Pseudomonas;s__viridiflava;"";""Unclassified;"";""Bacteria;""""Proteobacteria"""";Gammaproteobacteria;Pseudomonadales;Pseudomonadaceae;Pseudomonas;"";""Bacteria;Proteobacteria;Gammaproteobacteria;Pseudomonadales;Pseudomonadaceae;Pseudomonas;"""
"540028;""47"";""299-16S-rRNA-SeqF"";""None"";""0.992258"";""115"";""144"";""140"";""99.5871"";""99"";""862"";""43381"";""1"";""1788"";""1551"";""none"";""Bacteria;Proteobacteria;Gammaproteobacteria;Enterobacterales;Enterobacteriaceae;Klebsiella;"";""Unclassified;"";""Unclassified;"";""Unclassified;"";""Bacteria;Proteobacteria;Gammaproteobacteria;Enterobacteriales;Enterobacteriaceae;Klebsiella;"""
"540028;""48"";""300-16S-rRNA-SeqF"";""None"";""0.99134"";""114"";""123"";""119"";""99.3595"";""99"";""883"";""43391"";""1"";""1763"";""1537"";""none"";""Bacteria;Proteobacteria;Gammaproteobacteria;Enterobacterales;Enterobacteriaceae;Enterobacter;Enterobacter cloacae complex;"";""Unclassified;"";""Unclassified;"";""Unclassified;"";""Bacteria;Proteobacteria;Gammaproteobacteria;Enterobacteriales;Enterobacteriaceae;Enterobacter;"""
"540028;""49"";""301-16S-rRNA-SeqF"";""None"";""0.989444"";""112"";""200"";""169"";""99.0036"";""98"";""806"";""43429"";""1"";""1884"";""1543"";""none"";""Bacteria;"";""k__Bacteria;p__Proteobacteria;c__Gammaproteobacteria;o__Enterobacteriales;f__Enterobacteriaceae;"";""Unclassified;"";""Bacteria;""""Proteobacteria"""";Gammaproteobacteria;""""Enterobacteriales"""";Enterobacteriaceae;Enterobacter;"";""Bacteria;Proteobacteria;Gammaproteobacteria;Enterobacteriales;Enterobacteriaceae;Enterobacter;"""
"540028;""50"";""302-16S-rRNA-SeqF"";""None"";""0.991674"";""114"";""133"";""174"";""99.6206"";""99"";""873"";""43443"";""1"";""1820"";""1532"";""none"";""Bacteria;Proteobacteria;Betaproteobacteria;Burkholderiales;Comamonadaceae;Delftia;"";""k__Bacteria;p__Proteobacteria;c__Betaproteobacteria;o__Burkholderiales;f__Comamonadaceae;g__Delftia;"";""Unclassified;"";""Bacteria;""""Proteobacteria"""";Betaproteobacteria;Burkholderiales;Comamonadaceae;Delftia;"";""Bacteria;Proteobacteria;Gammaproteobacteria;Betaproteobacteriales;Burkholderiaceae;Delftia;"""
"540028;""51"";""303-16S-rRNA-SeqF"";""None"";""0.988874"";""116"";""105"";""215"";""99.1058"";""98"";""901"";""43477"";""1"";""1826"";""1532"";""none"";""Bacteria;Proteobacteria;Gammaproteobacteria;Enterobacterales;Enterobacteriaceae;Klebsiella;"";""k__Bacteria;p__Proteobacteria;c__Gammaproteobacteria;o__Enterobacteriales;f__Enterobacteriaceae;"";""Unclassified;"";""Bacteria;""""Proteobacteria"""";Gammaproteobacteria;""""Enterobacteriales"""";Enterobacteriaceae;unclassified_Enterobacteriaceae;"";""Bacteria;Proteobacteria;Gammaproteobacteria;Enterobacteriales;Enterobacteriaceae;Klebsiella;"""
"540028;""52"";""304-16S-rRNA-SeqF"";""None"";""0.989581"";""115"";""107"";""199"";""99.8533"";""98"";""899"";""43468"";""1"";""1820"";""1533"";""none"";""Bacteria;Proteobacteria;Gammaproteobacteria;Pseudomonadales;Pseudomonadaceae;Pseudomonas;"";""k__Bacteria;p__Proteobacteria;c__Gammaproteobacteria;o__Pseudomonadales;f__Pseudomonadaceae;g__Pseudomonas;s__viridiflava;"";""Unclassified;"";""Bacteria;""""Proteobacteria"""";Gammaproteobacteria;Pseudomonadales;Pseudomonadaceae;Pseudomonas;"";""Bacteria;Proteobacteria;Gammaproteobacteria;Pseudomonadales;Pseudomonadaceae;Pseudomonas;"""
"540028;""53"";""305-16S-rRNA-SeqF"";""None"";""0.989596"";""114"";""227"";""192"";""99.1065"";""98"";""779"";""43461"";""1"";""1928"";""1528"";""none"";""Bacteria;Proteobacteria;Gammaproteobacteria;Enterobacterales;Enterobacteriaceae;Klebsiella;"";""k__Bacteria;p__Proteobacteria;c__Gammaproteobacteria;o__Enterobacteriales;f__Enterobacteriaceae;"";""Unclassified;"";""Bacteria;""""Proteobacteria"""";Gammaproteobacteria;""""Enterobacteriales"""";Enterobacteriaceae;unclassified_Enterobacteriaceae;"";""Bacteria;Proteobacteria;Gammaproteobacteria;Enterobacteriales;Enterobacteriaceae;Klebsiella;"""
"540028;""54"";""306-16S-rRNA-SeqF"";""None"";""0.986724"";""114"";""186"";""160"";""99.7799"";""98"";""820"";""43429"";""1"";""1859"";""1532"";""none"";""Bacteria;Proteobacteria;Gammaproteobacteria;Pseudomonadales;Pseudomonadaceae;Pseudomonas;"";""k__Bacteria;p__Proteobacteria;c__Gammaproteobacteria;o__Pseudomonadales;f__Pseudomonadaceae;g__Pseudomonas;s__viridiflava;"";""Unclassified;"";""Bacteria;""""Proteobacteria"""";Gammaproteobacteria;Pseudomonadales;Pseudomonadaceae;Pseudomonas;"";""Bacteria;Proteobacteria;Gammaproteobacteria;Pseudomonadales;Pseudomonadaceae;Pseudomonas;"""
"540028;""55"";""307-16S-rRNA-SeqF"";""None"";""0.988851"";""115"";""154"";""121"";""99.6992"";""98"";""852"";""43390"";""1"";""1787"";""1531"";""none"";""Bacteria;Proteobacteria;Gammaproteobacteria;Pseudomonadales;Pseudomonadaceae;Pseudomonas;"";""k__Bacteria;p__Proteobacteria;c__Gammaproteobacteria;o__Pseudomonadales;f__Pseudomonadaceae;g__Pseudomonas;s__viridiflava;"";""Unclassified;"";""Bacteria;""""Proteobacteria"""";Gammaproteobacteria;Pseudomonadales;Pseudomonadaceae;Pseudomonas;"";""Bacteria;Proteobacteria;Gammaproteobacteria;Pseudomonadales;Pseudomonadaceae;Pseudomonas;"""
"540028;""56"";""308-16S-rRNA-SeqF"";""None"";""0.990153"";""114"";""124"";""124"";""99.7765"";""99"";""882"";""43361"";""1"";""1750"";""1553"";""none"";""Bacteria;Proteobacteria;Gammaproteobacteria;Enterobacterales;Enterobacteriaceae;Klebsiella;"";""k__Bacteria;p__Proteobacteria;c__Gammaproteobacteria;o__Enterobacteriales;f__Enterobacteriaceae;g__Klebsiella;"";""Unclassified;"";""Bacteria;""""Proteobacteria"""";Gammaproteobacteria;""""Enterobacteriales"""";Enterobacteriaceae;unclassified_Enterobacteriaceae;"";""Bacteria;Proteobacteria;Gammaproteobacteria;Enterobacteriales;Enterobacteriaceae;Klebsiella;"""
"540028;""57"";""309-16S-rRNA-SeqF"";""None"";""0.989466"";""116"";""142"";""152"";""99.7801"";""98"";""864"";""43421"";""1"";""1810"";""1535"";""none"";""Bacteria;Proteobacteria;Gammaproteobacteria;Pseudomonadales;Pseudomonadaceae;Pseudomonas;"";""k__Bacteria;p__Proteobacteria;c__Gammaproteobacteria;o__Pseudomonadales;f__Pseudomonadaceae;g__Pseudomonas;s__viridiflava;"";""Unclassified;"";""Bacteria;""""Proteobacteria"""";Gammaproteobacteria;Pseudomonadales;Pseudomonadaceae;Pseudomonas;"";""Bacteria;Proteobacteria;Gammaproteobacteria;Pseudomonadales;Pseudomonadaceae;Pseudomonas;"""
"540028;""58"";""310-16S-rRNA-SeqF"";""None"";""0.994603"";""115"";""154"";""202"";""99.7247"";""99"";""852"";""43443"";""1"";""1864"";""1555"";""none"";""Bacteria;Proteobacteria;Gammaproteobacteria;Enterobacterales;Enterobacteriaceae;Klebsiella;"";""Unclassified;"";""Unclassified;"";""Unclassified;"";""Bacteria;Proteobacteria;Gammaproteobacteria;Enterobacteriales;Enterobacteriaceae;Klebsiella;"""
"540028;""59"";""311-16S-rRNA-SeqF"";""None"";""0.99059"";""115"";""208"";""209"";""99.4498"";""99"";""799"";""43450"";""1"";""1925"";""1556"";""none"";""Bacteria;Proteobacteria;Gammaproteobacteria;Enterobacterales;Enterobacteriaceae;Klebsiella;"";""k__Bacteria;p__Proteobacteria;c__Gammaproteobacteria;o__Enterobacteriales;f__Enterobacteriaceae;"";""Unclassified;"";""Bacteria;""""Proteobacteria"""";Gammaproteobacteria;""""Enterobacteriales"""";Enterobacteriaceae;Klebsiella;"";""Bacteria;Proteobacteria;Gammaproteobacteria;Enterobacteriales;Enterobacteriaceae;Klebsiella;"""
"540028;""60"";""312-16S-rRNA-SeqF"";""None"";""0.991871"";""115"";""101"";""146"";""99.7247"";""99"";""905"";""43387"";""1"";""1753"";""1553"";""none"";""Bacteria;Proteobacteria;Gammaproteobacteria;Enterobacterales;Enterobacteriaceae;Klebsiella;"";""Unclassified;"";""Unclassified;"";""Unclassified;"";""Bacteria;Proteobacteria;Gammaproteobacteria;Enterobacteriales;Enterobacteriaceae;Klebsiella;"""
"540028;""61"";""313-16S-rRNA-SeqF"";""None"";""0.993163"";""115"";""219"";""147"";""99.5182"";""99"";""787"";""43388"";""1"";""1872"";""1553"";""none"";""Bacteria;Proteobacteria;Gammaproteobacteria;Enterobacterales;Enterobacteriaceae;Klebsiella;"";""Unclassified;"";""Unclassified;"";""Unclassified;"";""Bacteria;Proteobacteria;Gammaproteobacteria;Enterobacteriales;Enterobacteriaceae;Klebsiella;"""
"540028;""62"";""314-16S-rRNA-SeqF"";""None"";""0.990137"";""113"";""178"";""161"";""99.4494"";""99"";""828"";""43402"";""1"";""1844"";""1552"";""none"";""Bacteria;Proteobacteria;Gammaproteobacteria;Enterobacterales;Enterobacteriaceae;Klebsiella;"";""k__Bacteria;p__Proteobacteria;c__Gammaproteobacteria;o__Enterobacteriales;f__Enterobacteriaceae;"";""Unclassified;"";""Bacteria;""""Proteobacteria"""";Gammaproteobacteria;""""Enterobacteriales"""";Enterobacteriaceae;Klebsiella;"";""Bacteria;Proteobacteria;Gammaproteobacteria;Enterobacteriales;Enterobacteriaceae;Klebsiella;"""
"540028;""63"";""315-16S-rRNA-SeqF"";""None"";""0.992187"";""116"";""149"";""144"";""99.6274"";""99"";""857"";""43385"";""1"";""1798"";""1552"";""none"";""Bacteria;Proteobacteria;Gammaproteobacteria;Enterobacterales;Enterobacteriaceae;Klebsiella;"";""Unclassified;"";""Unclassified;"";""Unclassified;"";""Bacteria;Proteobacteria;Gammaproteobacteria;Enterobacteriales;Enterobacteriaceae;Klebsiella;"""
"540028;""64"";""316-16S-rRNA-SeqF"";""None"";""0.989065"";""114"";""131"";""122"";""99.187"";""98"";""875"";""43391"";""1"";""1768"";""1534"";""none"";""Bacteria;Proteobacteria;Gammaproteobacteria;Pseudomonadales;Pseudomonadaceae;Pseudomonas;"";""k__Bacteria;p__Proteobacteria;c__Gammaproteobacteria;o__Pseudomonadales;f__Pseudomonadaceae;g__Pseudomonas;s__citronellolis;"";""Unclassified;"";""Bacteria;""""Proteobacteria"""";Gammaproteobacteria;Pseudomonadales;Pseudomonadaceae;Pseudomonas;"";""Bacteria;Proteobacteria;Gammaproteobacteria;Pseudomonadales;Pseudomonadaceae;Pseudomonas;"""
"540028;""65"";""317-16S-rRNA-SeqF"";""None"";""0.993864"";""116"";""88"";""150"";""99.7247"";""99"";""918"";""43391"";""1"";""1747"";""1556"";""none"";""Bacteria;Proteobacteria;Gammaproteobacteria;Enterobacterales;Enterobacteriaceae;Klebsiella;"";""k__Bacteria;p__Proteobacteria;c__Gammaproteobacteria;o__Enterobacteriales;f__Enterobacteriaceae;"";""Unclassified;"";""Bacteria;""""Proteobacteria"""";Gammaproteobacteria;""""Enterobacteriales"""";Enterobacteriaceae;Klebsiella;"";""Bacteria;Proteobacteria;Gammaproteobacteria;Enterobacteriales;Enterobacteriaceae;Klebsiella;"""
"540028;""66"";""318-16S-rRNA-SeqF"";""None"";""0.990372"";""114"";""188"";""177"";""99.6274"";""99"";""818"";""43418"";""1"";""1867"";""1549"";""none"";""Bacteria;Proteobacteria;Gammaproteobacteria;Enterobacterales;Enterobacteriaceae;Klebsiella;"";""Unclassified;"";""Unclassified;"";""Unclassified;"";""Bacteria;Proteobacteria;Gammaproteobacteria;Enterobacteriales;Enterobacteriaceae;Klebsiella;"""
"540028;""67"";""319-16S-rRNA-SeqF"";""None"";""0.993139"";""115"";""187"";""172"";""99.6274"";""99"";""819"";""43413"";""1"";""1864"";""1552"";""none"";""Bacteria;Proteobacteria;Gammaproteobacteria;Enterobacterales;Enterobacteriaceae;Klebsiella;"";""k__Bacteria;p__Proteobacteria;c__Gammaproteobacteria;o__Enterobacteriales;f__Enterobacteriaceae;"";""Unclassified;"";""Bacteria;""""Proteobacteria"""";Gammaproteobacteria;""""Enterobacteriales"""";Enterobacteriaceae;Klebsiella;"";""Bacteria;Proteobacteria;Gammaproteobacteria;Enterobacteriales;Enterobacteriaceae;Klebsiella;"""
"540028;""68"";""320-16S-rRNA-SeqF"";""None"";""0.987184"";""115"";""205"";""200"";""99.5039"";""98"";""801"";""43469"";""1"";""1921"";""1535"";""none"";""Bacteria;Proteobacteria;Gammaproteobacteria;Enterobacterales;Enterobacteriaceae;"";""Unclassified;"";""Unclassified;"";""Unclassified;"";""Bacteria;Proteobacteria;Gammaproteobacteria;Enterobacteriales;Enterobacteriaceae;Klebsiella;"""
"540028;""69"";""321-16S-rRNA-SeqF"";""None"";""0.994335"";""114"";""201"";""141"";""99.8495"";""99"";""805"";""43410"";""1"";""1860"";""1537"";""none"";""Bacteria;"";""k__Bacteria;p__Proteobacteria;c__Gammaproteobacteria;o__Pseudomonadales;f__Pseudomonadaceae;g__Pseudomonas;"";""Unclassified;"";""Bacteria;""""Proteobacteria"""";Gammaproteobacteria;Pseudomonadales;Pseudomonadaceae;Pseudomonas;"";""Bacteria;Proteobacteria;Gammaproteobacteria;Pseudomonadales;Pseudomonadaceae;Pseudomonas;"""
"540028;""70"";""322-16S-rRNA-SeqF"";""None"";""0.992463"";""115"";""190"";""164"";""99.6559"";""99"";""816"";""43405"";""1"";""1859"";""1552"";""none"";""Bacteria;Proteobacteria;Gammaproteobacteria;Enterobacterales;Enterobacteriaceae;Klebsiella;"";""Unclassified;"";""Unclassified;"";""Unclassified;"";""Bacteria;Proteobacteria;Gammaproteobacteria;Enterobacteriales;Enterobacteriaceae;Klebsiella;"""
"540028;""71"";""323-16S-rRNA-SeqF"";""None"";""0.989229"";""116"";""177"";""132"";""99.7165"";""98"";""829"";""43401"";""1"";""1824"";""1534"";""none"";""Bacteria;Proteobacteria;Gammaproteobacteria;Enterobacterales;Enterobacteriaceae;Klebsiella;"";""Unclassified;"";""Unclassified;"";""Unclassified;"";""Bacteria;Proteobacteria;Gammaproteobacteria;Enterobacteriales;Enterobacteriaceae;"""
"540028;""72"";""324-16S-rRNA-SeqF"";""None"";""0.99172"";""115"";""137"";""106"";""99.7874"";""99"";""869"";""43375"";""1"";""1761"";""1537"";""none"";""Bacteria;Proteobacteria;Gammaproteobacteria;Enterobacterales;Enterobacteriaceae;Klebsiella;"";""Unclassified;"";""Unclassified;"";""Unclassified;"";""Bacteria;Proteobacteria;Gammaproteobacteria;Enterobacteriales;Enterobacteriaceae;Klebsiella;"""
"540028;""73"";""325-16S-rRNA-SeqF"";""None"";""0.99036"";""114"";""100"";""118"";""99.6992"";""99"";""906"";""43399"";""1"";""1736"";""1525"";""none"";""Bacteria;"";""k__Bacteria;p__Proteobacteria;c__Gammaproteobacteria;o__Pseudomonadales;f__Pseudomonadaceae;g__Pseudomonas;"";""Unclassified;"";""Bacteria;""""Proteobacteria"""";Gammaproteobacteria;Pseudomonadales;Pseudomonadaceae;Pseudomonas;"";""Bacteria;Proteobacteria;Gammaproteobacteria;Pseudomonadales;Pseudomonadaceae;Pseudomonas;"""
"540028;""74"";""326-16S-rRNA-SeqF"";""None"";""0.993023"";""115"";""78"";""140"";""99.6992"";""99"";""928"";""43409"";""1"";""1735"";""1536"";""none"";""Bacteria;Proteobacteria;Gammaproteobacteria;Pseudomonadales;Pseudomonadaceae;Pseudomonas;"";""Unclassified;"";""Unclassified;"";""Bacteria;""""Proteobacteria"""";Gammaproteobacteria;Pseudomonadales;Pseudomonadaceae;Pseudomonas;"";""Bacteria;Proteobacteria;Gammaproteobacteria;Pseudomonadales;Pseudomonadaceae;Pseudomonas;"""
"540028;""75"";""327-16S-rRNA-SeqF"";""None"";""0.987417"";""114"";""166"";""171"";""98.9747"";""98"";""840"";""43431"";""1"";""1847"";""1538"";""none"";""Bacteria;"";""k__Bacteria;p__Proteobacteria;c__Gammaproteobacteria;o__Enterobacteriales;f__Enterobacteriaceae;"";""Unclassified;"";""Bacteria;""""Proteobacteria"""";Gammaproteobacteria;""""Enterobacteriales"""";Enterobacteriaceae;Enterobacter;"";""Bacteria;Proteobacteria;Gammaproteobacteria;Enterobacteriales;Enterobacteriaceae;Enterobacter;"""
"540028;""76"";""328-16S-rRNA-SeqF"";""None"";""0.987948"";""114"";""144"";""141"";""99.2551"";""98"";""862"";""43418"";""1"";""1807"";""1533"";""none"";""Bacteria;Firmicutes;Bacilli;Bacillales;Bacillaceae;Bacillus;"";""k__Bacteria;p__Firmicutes;c__Bacilli;o__Bacillales;f__Bacillaceae;g__Bacillus;"";""Unclassified;"";""Bacteria;Firmicutes;Bacilli;Bacillales;Bacillaceae 1;Bacillus;"";""Bacteria;Firmicutes;Bacilli;Bacillales;Bacillaceae;Bacillus;"""
"540028;""77"";""329-16S-rRNA-SeqF"";""None"";""0.98041"";""111"";""131"";""92"";""99.3482"";""98"";""875"";""43352"";""1"";""1740"";""1545"";""none"";""Bacteria;Firmicutes;Bacilli;Bacillales;Bacillaceae;Bacillus;"";""k__Bacteria;p__Firmicutes;c__Bacilli;o__Bacillales;f__Bacillaceae;g__Bacillus;"";""Unclassified;"";""Bacteria;Firmicutes;Bacilli;Bacillales;Bacillaceae 1;Bacillus;"";""Bacteria;Firmicutes;Bacilli;Bacillales;Bacillaceae;Bacillus;"""
"540028;""78"";""330-16S-rRNA-SeqF"";""None"";""0.993192"";""115"";""147"";""118"";""99.2481"";""99"";""859"";""43378"";""1"";""1781"";""1544"";""none"";""Bacteria;Proteobacteria;Gammaproteobacteria;Enterobacterales;Enterobacteriaceae;Enterobacter;Enterobacter cloacae complex;"";""Unclassified;"";""Unclassified;"";""Bacteria;""""Proteobacteria"""";Gammaproteobacteria;""""Enterobacteriales"""";Enterobacteriaceae;Enterobacter;"";""Bacteria;Proteobacteria;Gammaproteobacteria;Enterobacteriales;Enterobacteriaceae;Enterobacter;"""
"540028;""79"";""331-16S-rRNA-SeqF"";""None"";""0.9886"";""115"";""150"";""110"";""99.1114"";""98"";""856"";""43370"";""1"";""1774"";""1542"";""none"";""Bacteria;Proteobacteria;Gammaproteobacteria;Enterobacterales;Enterobacteriaceae;Enterobacter;"";""Unclassified;"";""Unclassified;"";""Bacteria;""""Proteobacteria"""";Gammaproteobacteria;""""Enterobacteriales"""";Enterobacteriaceae;Enterobacter;"";""Bacteria;Proteobacteria;Gammaproteobacteria;Enterobacteriales;Enterobacteriaceae;Enterobacter;"""
"540028;""80"";""332-16S-rRNA-SeqF"";""None"";""0.992399"";""116"";""130"";""134"";""99.4494"";""99"";""876"";""43371"";""1"";""1765"";""1552"";""none"";""Bacteria;Proteobacteria;Gammaproteobacteria;Enterobacterales;Enterobacteriaceae;Klebsiella;"";""Unclassified;"";""Unclassified;"";""Unclassified;"";""Bacteria;Proteobacteria;Gammaproteobacteria;Enterobacteriales;Enterobacteriaceae;Klebsiella;"""
"540028;""81"";""333-16S-rRNA-SeqF"";""None"";""0.922352"";""92"";""80"";""70"";""94.5216"";""92"";""926"";""43339"";""1"";""1673"";""1542"";""none"";""Bacteria;Proteobacteria;Gammaproteobacteria;Pseudomonadales;Moraxellaceae;Acinetobacter;"";""k__Bacteria;p__Proteobacteria;c__Gammaproteobacteria;o__Pseudomonadales;f__Moraxellaceae;g__Acinetobacter;"";""Unclassified;"";""Bacteria;""""Proteobacteria"""";Gammaproteobacteria;Pseudomonadales;Moraxellaceae;Acinetobacter;"";""Bacteria;Proteobacteria;Gammaproteobacteria;Pseudomonadales;Moraxellaceae;Acinetobacter;"""
"540028;""82"";""334-16S-rRNA-SeqF"";""None"";""0.989375"";""116"";""113"";""127"";""99.1114"";""98"";""893"";""43387"";""1"";""1750"";""1538"";""none"";""Bacteria;"";""k__Bacteria;p__Proteobacteria;c__Gammaproteobacteria;o__Enterobacteriales;f__Enterobacteriaceae;"";""Unclassified;"";""Bacteria;""""Proteobacteria"""";Gammaproteobacteria;""""Enterobacteriales"""";Enterobacteriaceae;Enterobacter;"";""Bacteria;Proteobacteria;Gammaproteobacteria;Enterobacteriales;Enterobacteriaceae;Enterobacter;"""
"540028;""83"";""335-16S-rRNA-SeqF"";""None"";""0.988603"";""113"";""132"";""118"";""99.4444"";""98"";""874"";""43387"";""1"";""1764"";""1533"";""none"";""Bacteria;Proteobacteria;Gammaproteobacteria;Pseudomonadales;Pseudomonadaceae;Pseudomonas;"";""k__Bacteria;p__Proteobacteria;c__Gammaproteobacteria;o__Pseudomonadales;f__Pseudomonadaceae;g__Pseudomonas;s__viridiflava;"";""Unclassified;"";""Bacteria;""""Proteobacteria"""";Gammaproteobacteria;Pseudomonadales;Pseudomonadaceae;Pseudomonas;"";""Bacteria;Proteobacteria;Gammaproteobacteria;Pseudomonadales;Pseudomonadaceae;Pseudomonas;"""
"540028;""84"";""336-16S-rRNA-SeqF"";""None"";""0.983443"";""113"";""136"";""106"";""97.6581"";""98"";""870"";""43375"";""1"";""1756"";""1533"";""none"";""Bacteria;Proteobacteria;Gammaproteobacteria;Pseudomonadales;Moraxellaceae;Acinetobacter;"";""k__Bacteria;p__Proteobacteria;c__Gammaproteobacteria;o__Pseudomonadales;f__Moraxellaceae;g__Acinetobacter;"";""Unclassified;"";""Bacteria;""""Proteobacteria"""";Gammaproteobacteria;Pseudomonadales;Moraxellaceae;Acinetobacter;"";""Bacteria;Proteobacteria;Gammaproteobacteria;Pseudomonadales;Moraxellaceae;Acinetobacter;"""
"540028;""85"";""337-16S-rRNA-SeqF"";""None"";""0.986756"";""109"";""75"";""0"";""99.5392"";""98"";""931"";""43246"";""1"";""1561"";""1493"";""none"";""Bacteria;Actinobacteria;Micrococcales;Micrococcaceae;"";""k__Bacteria;p__Actinobacteria;c__Actinobacteria;o__Actinomycetales;f__Micrococcaceae;g__Micrococcus;s__luteus;"";""Unclassified;"";""Bacteria;""""Actinobacteria"""";Actinobacteria;Actinobacteridae;Actinomycetales;Micrococcineae;Micrococcaceae;Micrococcus;"";""Bacteria;Actinobacteria;Actinobacteria;Micrococcales;Micrococcaceae;Micrococcus;"""
"540028;""86"";""338-16S-rRNA-SeqF"";""None"";""0.980901"";""110"";""136"";""113"";""99.0298"";""98"";""870"";""43392"";""1"";""1769"";""1529"";""none"";""Bacteria;"";""k__Bacteria;p__Proteobacteria;c__Gammaproteobacteria;o__Enterobacteriales;f__Enterobacteriaceae;"";""Unclassified;"";""Bacteria;""""Proteobacteria"""";Gammaproteobacteria;""""Enterobacteriales"""";Enterobacteriaceae;Enterobacter;"";""Bacteria;Proteobacteria;Gammaproteobacteria;Enterobacteriales;Enterobacteriaceae;Enterobacter;"""
"540028;""87"";""339-16S-rRNA-SeqF"";""None"";""0.99288"";""116"";""133"";""118"";""99.5182"";""99"";""874"";""43355"";""1"";""1754"";""1555"";""none"";""Bacteria;Proteobacteria;Gammaproteobacteria;Enterobacterales;Enterobacteriaceae;Klebsiella;"";""Unclassified;"";""Unclassified;"";""Unclassified;"";""Bacteria;Proteobacteria;Gammaproteobacteria;Enterobacteriales;Enterobacteriaceae;Klebsiella;"""
"540028;""88"";""340-16S-rRNA-SeqF"";""None"";""0.993284"";""114"";""107"";""101"";""99.7934"";""99"";""899"";""43370"";""1"";""1726"";""1537"";""none"";""Bacteria;Proteobacteria;Gammaproteobacteria;Enterobacterales;Enterobacteriaceae;Raoultella;"";""Unclassified;"";""Unclassified;"";""Bacteria;""""Proteobacteria"""";Gammaproteobacteria;""""Enterobacteriales"""";Enterobacteriaceae;Raoultella;"";""Bacteria;Proteobacteria;Gammaproteobacteria;Enterobacteriales;Enterobacteriaceae;Raoultella;"""
"540028;""89"";""341-16S-rRNA-SeqF"";""None"";""0.984586"";""113"";""58"";""90"";""99.1736"";""98"";""948"";""43359"";""1"";""1660"";""1531"";""none"";""Bacteria;Proteobacteria;Betaproteobacteria;Burkholderiales;Alcaligenaceae;Achromobacter;"";""Unclassified;"";""Unclassified;"";""Unclassified;"";""Bacteria;Proteobacteria;Gammaproteobacteria;Betaproteobacteriales;Burkholderiaceae;Achromobacter;"""
"540028;""90"";""342-16S-rRNA-SeqF"";""None"";""0.980584"";""113"";""7"";""93"";""99.393"";""98"";""999"";""43362"";""1"";""1608"";""1527"";""none"";""Bacteria;Proteobacteria;Betaproteobacteria;Burkholderiales;Comamonadaceae;Delftia;"";""k__Bacteria;p__Proteobacteria;c__Betaproteobacteria;o__Burkholderiales;f__Comamonadaceae;g__Delftia;"";""Bacteria;Proteobacteria;Betaproteobacteria;Burkholderiales;Comamonadaceae;Delftia;"";""Bacteria;""""Proteobacteria"""";Betaproteobacteria;Burkholderiales;Comamonadaceae;Delftia;"";""Bacteria;Proteobacteria;Gammaproteobacteria;Betaproteobacteriales;Burkholderiaceae;Delftia;"""
"540028;""91"";""343-16S-rRNA-SeqF"";""None"";""0.988597"";""115"";""61"";""92"";""99.2696"";""98"";""945"";""43361"";""1"";""1672"";""1538"";""none"";""Bacteria;Proteobacteria;Gammaproteobacteria;Aeromonadales;Aeromonadaceae;Aeromonas;"";""k__Bacteria;p__Proteobacteria;c__Gammaproteobacteria;o__Aeromonadales;f__Aeromonadaceae;"";""Unclassified;"";""Bacteria;""""Proteobacteria"""";Gammaproteobacteria;Aeromonadales;Aeromonadaceae;Aeromonas;"";""Bacteria;Proteobacteria;Gammaproteobacteria;Aeromonadales;Aeromonadaceae;Aeromonas;"""
"540028;""92"";""344-16S-rRNA-SeqF"";""None"";""0.988514"";""113"";""70"";""94"";""98.7332"";""98"";""936"";""43331"";""1"";""1662"";""1549"";""none"";""Bacteria;"";""k__Bacteria;p__Proteobacteria;c__Gammaproteobacteria;o__Enterobacteriales;f__Enterobacteriaceae;"";""Unclassified;"";""Bacteria;""""Proteobacteria"""";Gammaproteobacteria;""""Enterobacteriales"""";Enterobacteriaceae;"";""Bacteria;Proteobacteria;Gammaproteobacteria;Enterobacteriales;Enterobacteriaceae;"""
"540028;""93"";""345-16S-rRNA-SeqF"";""None"";""0.981731"";""114"";""70"";""73"";""99.478"";""98"";""936"";""43342"";""1"";""1659"";""1535"";""none"";""Bacteria;Proteobacteria;Gammaproteobacteria;Enterobacterales;Enterobacteriaceae;Raoultella;"";""Unclassified;"";""Unclassified;"";""Bacteria;""""Proteobacteria"""";Gammaproteobacteria;""""Enterobacteriales"""";Enterobacteriaceae;Raoultella;"";""Bacteria;Proteobacteria;Gammaproteobacteria;Enterobacteriales;Enterobacteriaceae;Raoultella;"""
"540028;""94"";""346-16S-rRNA-SeqF"";""None"";""0.986004"";""115"";""6"";""66"";""98.4605"";""98"";""1000"";""43339"";""1"";""1591"";""1533"";""none"";""Bacteria;Proteobacteria;Gammaproteobacteria;Enterobacterales;Enterobacteriaceae;"";""k__Bacteria;p__Proteobacteria;c__Gammaproteobacteria;o__Enterobacteriales;f__Enterobacteriaceae;"";""Unclassified;"";""Bacteria;""""Proteobacteria"""";Gammaproteobacteria;""""Enterobacteriales"""";Enterobacteriaceae;Salmonella;"";""Bacteria;Proteobacteria;Gammaproteobacteria;Enterobacteriales;Enterobacteriaceae;"""
"540028;""95"";""347-16S-rRNA-SeqF"";""None"";""0.988014"";""112"";""112"";""65"";""98.8823"";""98"";""895"";""43334"";""1"";""1690"";""1533"";""none"";""Bacteria;"";""k__Bacteria;p__Proteobacteria;c__Gammaproteobacteria;o__Enterobacteriales;f__Enterobacteriaceae;"";""Unclassified;"";""Bacteria;""""Proteobacteria"""";Gammaproteobacteria;""""Enterobacteriales"""";Enterobacteriaceae;"";""Bacteria;Proteobacteria;Gammaproteobacteria;Enterobacteriales;Enterobacteriaceae;"""
"540028;""96"";""348-16S-rRNA-SeqF"";""None"";""0.987135"";""113"";""199"";""78"";""98.8153"";""98"";""807"";""43315"";""1"";""1775"";""1549"";""none"";""Bacteria;"";""k__Bacteria;p__Proteobacteria;c__Gammaproteobacteria;o__Enterobacteriales;f__Enterobacteriaceae;"";""Unclassified;"";""Bacteria;""""Proteobacteria"""";Gammaproteobacteria;""""Enterobacteriales"""";Enterobacteriaceae;unclassified_Enterobacteriaceae;"";""Bacteria;Proteobacteria;Gammaproteobacteria;Enterobacteriales;Enterobacteriaceae;"""
"540028;""97"";""349-16S-rRNA-SeqF"";""None"";""0.989082"";""116"";""74"";""3"";""99.437"";""98"";""932"";""43244"";""1"";""1581"";""1514"";""none"";""Bacteria;Proteobacteria;Gammaproteobacteria;"";""k__Bacteria;p__Proteobacteria;c__Gammaproteobacteria;o__Enterobacteriales;f__Enterobacteriaceae;"";""Unclassified;"";""Bacteria;""""Proteobacteria"""";Gammaproteobacteria;""""Enterobacteriales"""";Enterobacteriaceae;Enterobacter;"";""Bacteria;Proteobacteria;Gammaproteobacteria;Enterobacteriales;Enterobacteriaceae;Enterobacter;"""
"540028;""98"";""350-16S-rRNA-SeqF"";""None"";""0.992474"";""119"";""3"";""0"";""99.0291"";""99"";""1003"";""43222"";""4"";""1494"";""1494"";""none"";""Bacteria;Proteobacteria;Gammaproteobacteria;Pseudomonadales;Pseudomonadaceae;Pseudomonas;"";""k__Bacteria;p__Proteobacteria;c__Gammaproteobacteria;o__Pseudomonadales;f__Pseudomonadaceae;"";""Unclassified;"";""Bacteria;""""Proteobacteria"""";Gammaproteobacteria;Pseudomonadales;Pseudomonadaceae;Pseudomonas;"";""Bacteria;Proteobacteria;Gammaproteobacteria;Pseudomonadales;Pseudomonadaceae;Pseudomonas;"""
"540028;""99"";""351-16S-rRNA-SeqF"";""None"";""0.985067"";""115"";""6"";""0"";""97.6581"";""98"";""1000"";""43243"";""1"";""1508"";""1508"";""none"";""Bacteria;Proteobacteria;Gammaproteobacteria;Pseudomonadales;Moraxellaceae;Acinetobacter;"";""k__Bacteria;p__Proteobacteria;c__Gammaproteobacteria;o__Pseudomonadales;f__Moraxellaceae;g__Acinetobacter;"";""Unclassified;"";""Bacteria;""""Proteobacteria"""";Gammaproteobacteria;Pseudomonadales;Moraxellaceae;Acinetobacter;"";""Bacteria;Proteobacteria;Gammaproteobacteria;Pseudomonadales;Moraxellaceae;Acinetobacter;"""
"540028;""100"";""352-16S-rRNA-SeqF"";""None"";""0.993652"";""115"";""109"";""77"";""99.6808"";""99"";""897"";""43346"";""1"";""1703"";""1536"";""none"";""Bacteria;Proteobacteria;Gammaproteobacteria;Pseudomonadales;Pseudomonadaceae;Pseudomonas;"";""k__Bacteria;p__Proteobacteria;c__Gammaproteobacteria;o__Pseudomonadales;f__Pseudomonadaceae;g__Pseudomonas;"";""Unclassified;"";""Bacteria;""""Proteobacteria"""";Gammaproteobacteria;Pseudomonadales;Pseudomonadaceae;Pseudomonas;"";""Bacteria;Proteobacteria;Gammaproteobacteria;Pseudomonadales;Pseudomonadaceae;Pseudomonas;"""
"540028;""101"";""353-16S-rRNA-SeqF"";""None"";""0.992418"";""116"";""214"";""150"";""99.8624"";""99"";""792"";""43419"";""1"";""1881"";""1536"";""none"";""Bacteria;Proteobacteria;Gammaproteobacteria;Enterobacterales;Enterobacteriaceae;Raoultella;"";""Unclassified;"";""Unclassified;"";""Bacteria;""""Proteobacteria"""";Gammaproteobacteria;""""Enterobacteriales"""";Enterobacteriaceae;Raoultella;"";""Bacteria;Proteobacteria;Gammaproteobacteria;Enterobacteriales;Enterobacteriaceae;Raoultella;"""
"540028;""102"";""354-16S-rRNA-SeqF"";""None"";""0.992131"";""115"";""171"";""165"";""99.7935"";""99"";""835"";""43434"";""1"";""1853"";""1536"";""none"";""Bacteria;Proteobacteria;Gammaproteobacteria;Enterobacterales;Enterobacteriaceae;Raoultella;"";""Unclassified;"";""Unclassified;"";""Bacteria;""""Proteobacteria"""";Gammaproteobacteria;""""Enterobacteriales"""";Enterobacteriaceae;Raoultella;"";""Bacteria;Proteobacteria;Gammaproteobacteria;Enterobacteriales;Enterobacteriaceae;Raoultella;"""
"540028;""103"";""355-16S-rRNA-SeqF"";""None"";""0.993202"";""116"";""152"";""0"";""99.7608"";""99"";""854"";""43257"";""1"";""1660"";""1515"";""none"";""Bacteria;Proteobacteria;Gammaproteobacteria;Pseudomonadales;Pseudomonadaceae;Pseudomonas;"";""k__Bacteria;p__Proteobacteria;c__Gammaproteobacteria;o__Pseudomonadales;f__Pseudomonadaceae;g__Pseudomonas;"";""Unclassified;"";""Bacteria;""""Proteobacteria"""";Gammaproteobacteria;Pseudomonadales;Pseudomonadaceae;Pseudomonas;"";""Bacteria;Proteobacteria;Gammaproteobacteria;Pseudomonadales;Pseudomonadaceae;Pseudomonas;"""
"540028;""104"";""356-16S-rRNA-SeqF"";""None"";""0.967662"";""107"";""203"";""0"";""99.4034"";""96"";""803"";""43254"";""1"";""1722"";""1526"";""none"";""Bacteria;Proteobacteria;Gammaproteobacteria;Enterobacterales;Enterobacteriaceae;Raoultella;"";""Unclassified;"";""Unclassified;"";""Bacteria;""""Proteobacteria"""";Gammaproteobacteria;""""Enterobacteriales"""";Enterobacteriaceae;Raoultella;"";""Bacteria;Proteobacteria;Gammaproteobacteria;Enterobacteriales;Enterobacteriaceae;Raoultella;"""
"540028;""105"";""357-16S-rRNA-SeqF"";""None"";""0.99338"";""117"";""182"";""0"";""99.681"";""99"";""824"";""43248"";""1"";""1689"";""1514"";""none"";""Bacteria;Proteobacteria;Gammaproteobacteria;Pseudomonadales;Pseudomonadaceae;Pseudomonas;"";""k__Bacteria;p__Proteobacteria;c__Gammaproteobacteria;o__Pseudomonadales;f__Pseudomonadaceae;g__Pseudomonas;"";""Unclassified;"";""Bacteria;""""Proteobacteria"""";Gammaproteobacteria;Pseudomonadales;Pseudomonadaceae;Pseudomonas;"";""Bacteria;Proteobacteria;Gammaproteobacteria;Pseudomonadales;Pseudomonadaceae;Pseudomonas;"""
"540028;""106"";""358-16S-rRNA-SeqF"";""None"";""0.990661"";""116"";""141"";""101"";""99.8624"";""99"";""866"";""43370"";""1"";""1758"";""1536"";""none"";""Bacteria;Proteobacteria;Gammaproteobacteria;Enterobacterales;Enterobacteriaceae;Raoultella;"";""k__Bacteria;p__Proteobacteria;c__Gammaproteobacteria;o__Enterobacteriales;f__Enterobacteriaceae;"";""Unclassified;"";""Bacteria;""""Proteobacteria"""";Gammaproteobacteria;""""Enterobacteriales"""";Enterobacteriaceae;Raoultella;"";""Bacteria;Proteobacteria;Gammaproteobacteria;Enterobacteriales;Enterobacteriaceae;Raoultella;"""
"540028;""107"";""359-16S-rRNA-SeqF"";""None"";""0.994243"";""115"";""5"";""0"";""99.7958"";""99"";""1001"";""43239"";""2"";""1522"";""1522"";""none"";""Bacteria;Firmicutes;Bacilli;Bacillales;Staphylococcaceae;Staphylococcus;"";""k__Bacteria;p__Firmicutes;c__Bacilli;o__Bacillales;f__Staphylococcaceae;g__Staphylococcus;s__epidermidis;"";""Unclassified;"";""Bacteria;Firmicutes;Bacilli;Bacillales;Staphylococcaceae;Staphylococcus;"";""Bacteria;Firmicutes;Bacilli;Bacillales;Staphylococcaceae;Staphylococcus;"""
"540028;""108"";""360-16S-rRNA-SeqF"";""None"";""0.991555"";""117"";""9"";""94"";""99.6556"";""99"";""997"";""43367"";""1"";""1620"";""1532"";""none"";""Bacteria;Proteobacteria;Gammaproteobacteria;Enterobacterales;Enterobacteriaceae;Klebsiella;"";""k__Bacteria;p__Proteobacteria;c__Gammaproteobacteria;o__Enterobacteriales;f__Enterobacteriaceae;g__Klebsiella;"";""Unclassified;"";""Bacteria;""""Proteobacteria"""";Gammaproteobacteria;""""Enterobacteriales"""";Enterobacteriaceae;Klebsiella;"";""Bacteria;Proteobacteria;Gammaproteobacteria;Enterobacteriales;Enterobacteriaceae;Klebsiella;"""
"540028;""109"";""361-16S-rRNA-SeqF"";""None"";""0.993056"";""115"";""4"";""167"";""99.7019"";""99"";""1002"";""43446"";""3"";""1680"";""1515"";""none"";""Bacteria;Proteobacteria;Gammaproteobacteria;Enterobacterales;Enterobacteriaceae;Klebsiella;"";""k__Bacteria;p__Proteobacteria;c__Gammaproteobacteria;o__Enterobacteriales;f__Enterobacteriaceae;"";""Unclassified;"";""Bacteria;""""Proteobacteria"""";Gammaproteobacteria;""""Enterobacteriales"""";Enterobacteriaceae;unclassified_Enterobacteriaceae;"";""Bacteria;Proteobacteria;Gammaproteobacteria;Enterobacteriales;Enterobacteriaceae;Klebsiella;"""
"540028;""110"";""362-16S-rRNA-SeqF"";""None"";""0.988577"";""113"";""94"";""88"";""98.5105"";""98"";""912"";""43365"";""1"";""1714"";""1543"";""none"";""Bacteria;Firmicutes;Bacilli;Bacillales;Staphylococcaceae;Staphylococcus;"";""k__Bacteria;p__Firmicutes;c__Bacilli;o__Bacillales;f__Staphylococcaceae;g__Staphylococcus;"";""Unclassified;"";""Bacteria;Firmicutes;Bacilli;Bacillales;Staphylococcaceae;Staphylococcus;"";""Bacteria;Firmicutes;Bacilli;Bacillales;Staphylococcaceae;Staphylococcus;"""
"540028;""111"";""363-16S-rRNA-SeqF"";""None"";""0.99031"";""115"";""112"";""97"";""99.5876"";""99"";""894"";""43366"";""1"";""1728"";""1538"";""none"";""Bacteria;Proteobacteria;Gammaproteobacteria;Pseudomonadales;Pseudomonadaceae;Pseudomonas;"";""k__Bacteria;p__Proteobacteria;c__Gammaproteobacteria;o__Pseudomonadales;f__Pseudomonadaceae;g__Pseudomonas;"";""Unclassified;"";""Bacteria;""""Proteobacteria"""";Gammaproteobacteria;Pseudomonadales;Pseudomonadaceae;Pseudomonas;"";""Bacteria;Proteobacteria;Gammaproteobacteria;Pseudomonadales;Pseudomonadaceae;Pseudomonas;"""
"540028;""112"";""364-16S-rRNA-SeqF"";""None"";""0.992823"";""112"";""174"";""108"";""99.439"";""99"";""832"";""43355"";""1"";""1792"";""1551"";""none"";""Bacteria;Proteobacteria;Gammaproteobacteria;Enterobacterales;Yersiniaceae;Serratia;"";""k__Bacteria;p__Proteobacteria;c__Gammaproteobacteria;o__Enterobacteriales;f__Enterobacteriaceae;g__Gluconacetobacter;"";""Unclassified;"";""Bacteria;""""Proteobacteria"""";Gammaproteobacteria;""""Enterobacteriales"""";Enterobacteriaceae;Serratia;"";""Bacteria;Proteobacteria;Gammaproteobacteria;Enterobacteriales;Enterobacteriaceae;Serratia;"""
"540028;""113"";""365-16S-rRNA-SeqF"";""None"";""0.988209"";""116"";""204"";""0"";""99.3823"";""98"";""802"";""43244"";""1"";""1711"";""1514"";""none"";""Bacteria;Proteobacteria;Gammaproteobacteria;Enterobacterales;Enterobacteriaceae;Citrobacter;Citrobacter freundii complex;"";""k__Bacteria;p__Proteobacteria;c__Gammaproteobacteria;o__Enterobacteriales;f__Enterobacteriaceae;"";""Unclassified;"";""Bacteria;""""Proteobacteria"""";Gammaproteobacteria;""""Enterobacteriales"""";Enterobacteriaceae;Citrobacter;"";""Bacteria;Proteobacteria;Gammaproteobacteria;Enterobacteriales;Enterobacteriaceae;Citrobacter;"""
"540028;""114"";""366-16S-rRNA-SeqF"";""None"";""0.991619"";""116"";""102"";""76"";""99.7765"";""99"";""904"";""43313"";""1"";""1681"";""1554"";""none"";""Bacteria;Proteobacteria;Gammaproteobacteria;Enterobacterales;Enterobacteriaceae;Klebsiella;"";""k__Bacteria;p__Proteobacteria;c__Gammaproteobacteria;o__Enterobacteriales;f__Enterobacteriaceae;g__Klebsiella;s__oxytoca;"";""Unclassified;"";""Bacteria;""""Proteobacteria"""";Gammaproteobacteria;""""Enterobacteriales"""";Enterobacteriaceae;Enterobacter;"";""Bacteria;Proteobacteria;Gammaproteobacteria;Enterobacteriales;Enterobacteriaceae;Klebsiella;"""
"540028;""115"";""367-16S-rRNA-SeqF"";""None"";""0.993628"";""117"";""7"";""6"";""99.7251"";""99"";""999"";""43242"";""1"";""1512"";""1512"";""none"";""Bacteria;Proteobacteria;Gammaproteobacteria;Pseudomonadales;Pseudomonadaceae;Pseudomonas;"";""k__Bacteria;p__Proteobacteria;c__Gammaproteobacteria;o__Pseudomonadales;f__Pseudomonadaceae;g__Pseudomonas;"";""Unclassified;"";""Bacteria;""""Proteobacteria"""";Gammaproteobacteria;Pseudomonadales;Pseudomonadaceae;Pseudomonas;"";""Bacteria;Proteobacteria;Gammaproteobacteria;Pseudomonadales;Pseudomonadaceae;Pseudomonas;"""
"540028;""116"";""368-16S-rRNA-SeqF"";""None"";""0.990632"";""115"";""148"";""98"";""99.6808"";""99"";""858"";""43367"";""1"";""1764"";""1537"";""none"";""Bacteria;Proteobacteria;Gammaproteobacteria;Pseudomonadales;Pseudomonadaceae;Pseudomonas;"";""k__Bacteria;p__Proteobacteria;c__Gammaproteobacteria;o__Pseudomonadales;f__Pseudomonadaceae;g__Pseudomonas;"";""Unclassified;"";""Bacteria;""""Proteobacteria"""";Gammaproteobacteria;Pseudomonadales;Pseudomonadaceae;Pseudomonas;"";""Bacteria;Proteobacteria;Gammaproteobacteria;Pseudomonadales;Pseudomonadaceae;Pseudomonas;"""
"540028;""117"";""369-16S-rRNA-SeqF"";""None"";""0.991888"";""117"";""79"";""0"";""99.3857"";""99"";""927"";""43245"";""1"";""1583"";""1511"";""none"";""Bacteria;Proteobacteria;Betaproteobacteria;Burkholderiales;Alcaligenaceae;Alcaligenes;"";""k__Bacteria;p__Proteobacteria;c__Betaproteobacteria;o__Burkholderiales;f__Alcaligenaceae;"";""Unclassified;"";""Bacteria;""""Proteobacteria"""";Betaproteobacteria;Burkholderiales;Alcaligenaceae;Alcaligenes;"";""Bacteria;Proteobacteria;Gammaproteobacteria;Betaproteobacteriales;Burkholderiaceae;Alcaligenes;"""