ObjectID,b.mean,b.sd,b.mad,b.q001,b.q005,b.q01,b.q02,b.q05,b.q08,b.q09,b.q095,b.q099,b.tran.mean,b.tran.sd,b.tran.mad,b.center,b.periphery,b.diff.cp,b.tran.q005,b.tran.q01,b.tran.q05,b.tran.q09,b.tran.q095,t.bump.number,t.bump.onset,s.area,s.perimeter,s.radius.mean,s.radius.sd,s.radius.min,s.radius.max,m.cx,m.cy,m.majoraxis,m.eccentricity,m.theta
1,0.29725261829684596,0.059123176349840156,0.04643069405380073,0.22445793808748524,0.23463576608755563,0.24264267098206738,0.2551643027351646,0.2875387452863476,0.3252402324691501,0.33517442344898196,0.3663126166968729,0.5746393917454238,0.5856839856565195,0.09799349918835455,0.095084577706569,0.4753490501258869,0.8285801480125125,0.35323109788662554,0.4773174639505608,0.481025406271458,0.559487296864271,0.7413900968947891,0.7787441824979019,0,NA,8634,292,51.99648502568895,0.5580177235850347,50.76327733290119,53.69490853227474,1592.0749476681187,1581.0429727102608,109.16374401521796,0.17548929911770844,1.3141576212269386
2,0.2983492714496611,0.05269566080326095,0.04664851775148116,0.22631493688785997,0.23595967128723866,0.2440285762744097,0.25831995854774203,0.28987140774537207,0.32869554258324896,0.3393714174040588,0.3532287731541318,0.5377423524277918,0.5831314980891543,0.09599798151703126,0.0915440741588465,0.485801480125124,0.8156252384222171,0.32982375829709315,0.48625925078202487,0.4845349813076982,0.5486228732738232,0.732997634851606,0.7694361791409171,0,NA,8243,288,50.76233801227016,0.359503610459106,49.85500049603726,51.582931791801684,1852.1072524025983,1153.6115425655184,105.87240049553404,0.12099477283481819,0.09166077487658333
3,0.2882625439526753,0.034873247695569806,0.04284717325628921,0.22893190617087128,0.23862973867277482,0.245064071010747,0.25579932673824834,0.2863865889386836,0.3230944729342764,0.3302536274394408,0.335089210422596,0.3699456227064483,0.5808257969733908,0.10454083588046692,0.0873248798352025,0.47757686732280463,0.8646982528419929,0.38712138551918823,0.48044556343938355,0.47753109025711454,0.544106202792401,0.7339131761654077,0.7881437399862669,0,NA,8375,290,51.182340456419034,0.681721054272999,49.59935871818953,52.60785150933339,454.62419208366583,1745.134997059049,107.29500041018936,0.24820290999293,1.4309882388426063
4,0.2899594034756825,0.04360560531131205,0.04251358611957544,0.22572642090595818,0.23594531724527565,0.2448532204506637,0.25549289259255514,0.2830298035782069,0.32432346943678364,0.3318744814069051,0.33860327462077966,0.47451492733037137,0.5724368022176445,0.09207424985646781,0.07771009384298468,0.4788891432059205,0.8069733730067903,0.32808422980086976,0.47837033646143284,0.4839551384756237,0.5442130159456778,0.7088883802548257,0.7545891508354314,0,NA,8297,289,50.943190611075366,0.6280129379699011,49.36786259753426,52.2454849890369,359.70820981374214,1513.6775550056611,106.71125123371206,0.22710702608426342,-0.5370760150422564
5,0.2951344375090696,0.06025505191694771,0.04717766046015467,0.22036427262417355,0.23180666549875245,0.24010032790604294,0.2523074774618563,0.28187670838331075,0.3255613366347534,0.33803137023182844,0.36474454994501615,0.5732929659027551,0.5833527539066564,0.10648495799888699,0.09305981689173731,0.47473868925001905,0.8794995040817883,0.4047608148317693,0.4741741054398413,0.4797436484321355,0.5454642557412069,0.7396810864423591,0.7890592813000686,0,NA,8107,286,50.33688493503322,0.363616829507001,49.50767469577411,51.43591362487828,1482.0375490716365,893.641088806074,105.02062505419653,0.04511989770434426,0.7398412426957073
6,0.2941601335749875,0.060230284170185805,0.049034655025986584,0.21878503715024678,0.2285142481621144,0.23790809104167324,0.25020795359580583,0.2820580141630724,0.32421905575286264,0.3362718286119136,0.3630984926341394,0.5704552761422796,0.5902868540412274,0.11185187777106739,0.10225607690547041,0.4703593499656672,0.894697489890898,0.42433813992523084,0.47087815671015487,0.4767833981841764,0.5552300297550927,0.7478599221789883,0.8131532768749523,0,NA,7952,282,49.85802053951161,0.38244320813350624,48.82876034808716,50.91391323140639,1535.8659347652147,1164.426377352979,104.2607980534194,0.09992706863920216,1.0267060203387681
7,0.2906875927946572,0.03255573681190287,0.040455864599970824,0.23205640164959504,0.24174607068732734,0.24938150599009642,0.26002913132305927,0.2892817131082681,0.3254488672209769,0.333089835126267,0.3382264153222519,0.34941885722742366,0.6058445966434064,0.10346513748351764,0.09440588693064773,0.4952315556572824,0.8911421377889678,0.3959105821316854,0.4994125276569772,0.4997940032043946,0.5763027389944304,0.7459525444419013,0.7888761730373083,0,NA,7385,272,48.035228130756096,0.5463568517332714,46.76905053463134,49.32193134337209,317.80818447566946,719.5129457345157,99.87855502604145,0.20699430200309504,-1.2695079334668673
8,0.29625841666017594,0.05388340454249097,0.04575597590155609,0.2222843647158132,0.23727222319256008,0.24444151128197944,0.256120966272373,0.28886886999476236,0.32807114484819766,0.3368995476951785,0.3544539117635915,0.5420030529649901,0.6033732611072964,0.11852668745438055,0.10227869993133436,0.4840772106507973,0.9624170290684367,0.47833981841763945,0.4883192187380789,0.49292744335088123,0.5651026169222553,0.768886854352636,0.8255741206988632,0,NA,7478,274,48.33233350731386,0.5735297961867182,46.78912581723813,49.6922245955269,1801.454480739036,1409.8309305598084,101.60175117772211,0.21674713209101246,-0.01678648685694983
9,0.28989700119144723,0.06998912240065003,0.04073955003743057,0.21017900898510167,0.22411815582454925,0.23210715785889108,0.24591040328647118,0.27483776490267375,0.3167552089596428,0.3395069545728997,0.41131111872555526,0.6188244000254914,0.5867462678975611,0.13095701144925798,0.09037898832684817,0.4657663843747616,0.9766536964980544,0.5108873121232929,0.46590371557183186,0.4678110933089189,0.540688181887541,0.7586938277256428,0.8842145418478675,3,0.40425531914893614,7166,266,47.330267041148026,0.5579632358223949,46.05183319854218,48.805782686615316,1229.4377760061448,823.4134777559633,99.93839075256679,0.18195981467122624,-1.1127279236125374
10,0.2854462697431765,0.033752934833219436,0.039291261043877715,0.22517709854656803,0.2368502710221624,0.2443347593930686,0.2545435118030235,0.28177504855371155,0.3216333880053531,0.32941797186270466,0.3340711424429428,0.3488817590194406,0.59361675307917106,0.09993063926605252,0.09333129320210573,0.4830701152056153,0.8540932326237888,0.37102311741817345,0.48329900053406577,0.4916456855115587,0.5681849393453879,0.740642404821851,0.7897001602197299,0,NA,6797,260,46.06541524710052,0.423203204661364,45.15906027423584,47.211495848328,256.03637226045123,1381.7885209989875,95.42747033608325,0.16186813417617696,-0.7218272729729125
11,0.28911077062213075,0.03155542536904301,0.03794207804453787,0.23067718891915126,0.2403440576583972,0.248997698708863,0.25989690316757796,0.2877010396359112,0.32256509643029907,0.3306623051474989,0.3359656870838831,0.34854594051983073,0.564147402151522,0.08131742199677831,0.05375230945296403,0.49864957656214237,0.7718165865568017,0.27316700999465937,0.4969558251316091,0.49532310978866256,0.531090257114519,0.6956282902265964,0.7206073090714885,0,NA,6712,263,45.735070301645024,2.126165691717466,39.36534862922207,48.57011970557109,217.4426822548488,1089.3673665092774,98.57373309593852,0.40880689191853387,-0.1080959110535455
12,0.29131299334954397,0.047359596153379264,0.04006575424133289,0.22718279151665743,0.23557205392016417,0.2427871724905859,0.25578685046439764,0.28258610130900463,0.32454458590212837,0.3363271960304267,0.34817115620962424,0.49811720341317123,0.6031396367980617,0.0994429865670962,0.10114754863813226,0.49103532463569083,0.8364232852674144,0.34538796063172356,0.49234760051880677,0.5011673151750973,0.5729304951552605,0.7480735484855421,0.782207980468452,0,NA,6522,256,45.10955262762549,0.7906829074258438,43.311588602536744,46.951470501736054,640.1300645135601,1808.7688022642708,95.48321877604788,0.2819136219244364,1.3959337681332784
13,0.2896219004283112,0.04741982659809437,0.03926729931646244,0.21950346523067776,0.23283052788768588,0.23945661340147006,0.25358442493592137,0.28380623922126447,0.32061271885378845,0.3337051411572437,0.3467083531409165,0.4905087923805575,0.60512703135729,0.11498201264421062,0.09598949874113068,0.4869001297016861,0.9484855420767528,0.46158541237506673,0.48935683222705423,0.4946669718471046,0.5671015487907225,0.761394674601358,0.8116731517509728,0,NA,6386,253,44.63098863046184,0.5719808884354931,43.29014009310044,45.77234291059751,1808.7903932301097,1277.6687673359984,93.68496384500556,0.23421531051655237,0.0607036399909295
14,0.29139009375923863,0.07412425704950427,0.03538363061517204,0.2027548761504346,0.22347318626280535,0.23169385781575963,0.24689080426584822,0.2752882518036299,0.3176122318255181,0.34584683320648235,0.4521048255621392,0.61837959996262,0.5758692440541834,0.0963191071547371,0.08298125886930659,0.4785992217898833,0.8285343709468224,0.3499351491569391,0.4769207293812467,0.48006408789196614,0.5428397039749752,0.7359426260776685,0.7617914091706721,1,0.5348837209302325,5847,243,42.68158861255351,0.39436312326193723,41.58098511444392,43.568910108308636,939.8967011965357,727.5846396755886,89.86605463183004,0.11119380809359453,-1.5465708361844008
15,0.2956408483889338,0.05414581791904773,0.04518958671487661,0.22381790162364462,0.23549684211454447,0.24293437951796396,0.2553425724284544,0.28603907490624425,0.326737668876926,0.3388838363841714,0.3606037694080484,0.5492529216031992,0.613855994988616,0.10863376746710834,0.10265197985809114,0.4938887617303731,0.9068436713206683,0.41295490959029524,0.4996871900511177,0.5030441748683909,0.5768520637827115,0.7626916914625772,0.8090333409628443,1,0.6756756756756757,5992,245,43.22109250834653,0.6830630495357903,41.4603471183452,44.95681800588758,1401.0697263481838,1880.9496548712873,91.40628075197195,0.262405988640406,1.287493728952046
16,0.29224460271499175,0.0453734585844738,0.043901651139317155,0.2067586844648688,0.23163355901473645,0.24203042472110267,0.2554053491032466,0.2843961581710765,0.3279442117238589,0.3423756167390788,0.35583875894067296,0.4568919272651233,0.6038653511783579,0.10600230082752657,0.09688310826276034,0.4931258106355383,0.8934462500953689,0.40032043945983065,0.49495689326314185,0.49666590371557184,0.5721217669947356,0.7508354314488441,0.7942473487449454,0,NA,5816,242,42.571504917712325,0.4888339793742816,41.24185762425311,43.57778162899216,1650.3482225530263,737.0088068649793,88.72620785539847,0.20465475851477322,0.04440672433650386
17,0.2899542217101129,0.06380823136941959,0.03938181387482008,0.20607728356479785,0.223023997947181,0.23217949848908337,0.24715966125334599,0.2785147553395128,0.3169096370745772,0.34334537809567667,0.3986502160429648,0.579492366570565,0.6086382126063614,0.12208885935060423,0.10912216525520707,0.4754558632791638,0.9696955825131609,0.4942397192339971,0.4836499580376898,0.4874036774242771,0.5712825207904173,0.7645685511558709,0.8249637598229953,3,0.40540540540540543,5781,242,42.43108912251375,0.6900097709572404,40.80950647326707,43.9694967567052,1354.4610021091773,1297.9987507539224,90.50619553505284,0.2848911075768188,0.5223284420993239
18,0.290811370569819,0.06540245863957685,0.036172105942908366,0.2160894791822336,0.22917878054164478,0.23645161254071675,0.2496456612517236,0.27691626155188165,0.3141067729125353,0.3400261474799283,0.4166473875816842,0.5963028743034382,0.6073254470242117,0.12290962629336225,0.09951869077592124,0.48513008316166933,0.9732051575494011,0.48807507438773173,0.48639658197909513,0.4853589684901198,0.5676661326009003,0.774868390936141,0.8440222781719692,1,0.55,5762,240,42.37113835662849,0.9094902736643967,40.49080506903867,44.22477015360152,455.6288670190279,1208.6998106608899,90.80281324939308,0.3015234456907538,-1.4450706365896067
19,0.28495157477108685,0.035604971256372436,0.03227707686277855,0.22520652284058737,0.23669872670228453,0.24352014557422336,0.2562108499212411,0.28070928053148647,0.3122952708794287,0.32600446981167236,0.33798007464926316,0.41391802811456324,0.5605427125454592,0.060464327796459424,0.05501919890135039,0.5017013809414816,0.7074692912184329,0.2057679102769513,0.5049057755397879,0.50942244602121,0.5406118867780575,0.6503089951934081,0.6803845273517968,0,NA,4610,232,38.00636119560506,4.990308239653806,25.736085385371627,45.31214978953591,264.84762821878314,1173.209555821845,90.91102791586106,0.6627292969134848,-1.4051577678462968
20,0.28954513447854296,0.06747813682449062,0.03503925162235434,0.20892139606443283,0.22447142086827465,0.23151076267943768,0.24638272603692765,0.27366790505279637,0.32137214008307424,0.34646993141843946,0.4212900505386754,0.5846459495710827,0.5768136850306683,0.10039992274292057,0.09420227969787144,0.4797283894102388,0.8380407415884642,0.3583123521782254,0.47998779278248266,0.48125429159990846,0.5501335164415961,0.7409323262378882,0.7560387579156176,2,0.53125,5261,230,40.46103815212218,0.6493899772052395,38.8876317317129,42.0358551607152,737.1155808049003,1761.247948676776,85.8209938796511,0.2168757768654778,1.3748460562197256
21,0.28102414762583056,0.0418345086265735,0.034063938769071225,0.20372767456057994,0.22680831171221463,0.23570345325785885,0.24956396178226128,0.27315149055791793,0.3104810820024483,0.33506662730756454,0.348741417667059,0.4362375919444716,0.5732173647669184,0.08492138266212945,0.07191859922178986,0.4898298619058518,0.7753871976806287,0.2855573357747769,0.4906385900663767,0.4907148851758602,0.5473411154345007,0.7105668726634623,0.7433432516975662,2,0.5128205128205128,5123,225,39.93813346008827,0.3865829037371428,38.94589472652257,40.83876759001927,862.1414018693705,1970.6127817207655,82.78994165584423,0.15308212058184342,-0.7780497018481545
22,0.297345766863932,0.05714531179446274,0.038521454136062734,0.22895621611240896,0.23873890595134029,0.24590121723550673,0.25873581067710666,0.2855616883566207,0.32497285663061903,0.3389715445249417,0.4000964371262711,0.5652943000504699,0.6444232513584768,0.11130234412515938,0.10930314946211958,0.5166857404440376,0.7756771190966659,0.25899137865262833,0.5246814679179065,0.5303425650415808,0.6124818799114977,0.8954146639200428,0.8462043183031968,9,0.7428571428571429,4297,248,36.89665104069246,4.873727088447693,26.170364126369414,46.53840824929166,207.26796594259838,1169.5099010535291,88.67875865439483,0.6616123735506554,-1.489947924150771
23,0.2928107219791192,0.07336442029169708,0.04167415372278382,0.20469887614895882,0.22147232130858402,0.22947440696121332,0.24566413284087535,0.27745934470712175,0.3237350301702061,0.34674882339771307,0.45491630322308296,0.6085351213429593,0.6069728807802774,0.11701941176594177,0.10053672693980313,0.48050659952697033,0.9270313572899977,0.4465247577630274,0.48262760357061113,0.4903334096284428,0.5757991912718394,0.7598687724116884,0.7966124971389333,0,NA,5013,225,39.48450704072082,0.5521451304639023,38.04976208942359,40.64258789271758,1043.6349670405789,1031.0384914537065,83.98736380039996,0.21755789077592508,0.5518436288417323
24,0.2880859463544455,0.036541164903130606,0.0343513204427662,0.2159945783274585,0.2362590305804245,0.24347818207500993,0.25839099951196864,0.284962705129325,0.31709721382744405,0.33476387716751577,0.34816163749328954,0.38958125278003425,0.5930445563439384,0.09603886081594712,0.07817386587319758,0.5065690089265278,0.8580300602731364,0.35146105134660865,0.5052872510872053,0.5027084763866636,0.564263370717937,0.7385671778439002,0.7729457541771573,1,0.5384615384615384,4728,227,38.257591088481185,2.960167672043349,30.444350028216597,42.51068110618724,1727.4687523963642,584.29818570233,85.25864059449344,0.5065122817680751,0.46325566493264697
25,0.28236251735308127,0.037125498117430954,0.03489034890558811,0.20236269004085095,0.22605686304778505,0.23685024587087677,0.2518382852599737,0.28187295977175453,0.3111847333050847,0.32954955372360806,0.3406692824403588,0.3894478580520375,0.6143274184545823,0.10216816890551643,0.08766422522316321,0.5012130922407874,0.9042801556420234,0.403067063401236,0.5074692912184329,0.5133592736705577,0.5856107423514153,0.7527122911421378,0.7953154802777141,3,0.40540540540540543,4725,218,38.32983914290289,0.49581083470426934,36.85540288969091,39.42696868611789,1565.8536555687222,681.2660642535794,78.7706666051125,0.10556348833246558,0.39872161520055704
26,0.2889358603675456,0.07159973708276493,0.037179107200717654,0.2004929915340629,0.2152517713129393,0.227222171246795,0.2446711223284401,0.2717075984564539,0.3204408971600487,0.3448930668560486,0.4474381934465797,0.5978642998251451,0.587412291388251,0.11200162762379245,0.10770822613870454,0.4758068207827878,0.8804913405050736,0.4046845197222858,0.4749370565346761,0.4785839627679866,0.5519035629816129,0.7501487754634928,0.7649805447470817,0,NA,4763,219,38.475006371570984,0.768632789412723,36.95351864704364,40.308354638206296,569.2473942832166,1247.5133094209946,82.20745277681935,0.26039029072722497,-1.5604766568804571
27,0.27882971505890225,0.03870371082036967,0.03455335369861635,0.18881194969102874,0.22449035387435734,0.23749252575026913,0.24995741586919584,0.27508996636763233,0.3115556618353537,0.3318115773449928,0.345419005998101,0.3578593336983097,0.5965083148515008,0.09056929999558104,0.08764160219729916,0.4981460288395514,0.8008850232700084,0.30273899443045704,0.4984817273212787,0.5069199664301518,0.5709925993743801,0.7305867093919279,0.7724116884107729,0,NA,4663,216,38.074277540051135,1.0729573003225377,35.385561564706705,39.99119121327918,1331.9653180709945,2017.529706857066,79.96017445577277,0.3108919917307808,-0.28349082379155005
28,0.29019190253607996,0.06637894472202485,0.04459275697609717,0.19170731988636294,0.21906050970563565,0.22986461762472854,0.24280251900959027,0.2795775541638914,0.3198541534253875,0.34336767907242416,0.42649668583507344,0.575979465334722,0.5992494970546073,0.09199516242916056,0.09122735179674983,0.4906538490882734,0.8217441062027924,0.33109025711451895,0.49530785076676587,0.5018081940947585,0.5781948577096209,0.7359426260776685,0.7657434958419166,3,0.40540540540540543,4525,213,37.494370913034054,0.5640501866436874,36.311181260690525,38.835266715766764,1329.6268708408102,1559.7628088998606,79.72371981914112,0.2700722347427841,-1.1726213594362305
29,0.29300717594255105,0.0615953545927722,0.04511544121055218,0.20737728861592744,0.2261889529574377,0.23415266673505936,0.24960456007511617,0.2799576887620099,0.32279953106773,0.3444012158090598,0.40763143200260454,0.5508063173596873,0.6093125398229541,0.11943655396680819,0.09607999084458685,0.4942854962996872,0.9433127336537728,0.44902723735408556,0.49367513542381936,0.4964827954528115,0.5663691157396811,0.7594415197985809,0.8264133669031815,0,NA,4379,210,36.87422461204243,0.6723526804118325,35.450186058890836,38.3489178613138,1282.6726924951392,1854.6274354688642,78.32956287811801,0.26341296670156433,-1.027310240330848
30,0.2918432352125419,0.05426784231816317,0.03998463215572148,0.20791209094298074,0.23145846074214538,0.24084583245388053,0.25314209160007595,0.2838418874272426,0.31789376294323757,0.34214869245083235,0.3768700738987477,0.5397666577820783,0.6302031530687974,0.09113188356535795,0.08999439688715953,0.5212481879911498,0.8453803311207752,0.32413214312962535,0.5264972915236134,0.5326771953917754,0.6041809719996948,0.7648584725719081,0.783108262760357,2,0.40625,3348,189,32.7039456070049,5.098321688253105,22.14165098837041,41.36460426824582,490.95273614088393,776.2480736946746,81.58994801047845,0.7196130236580373,-1.035743984721008
31,0.2883982944020967,0.06666386306057041,0.03897083086745062,0.19930210324582445,0.2190722758216549,0.22986881216040145,0.24614376946391725,0.27463142723077744,0.31865776405592594,0.3423951522865128,0.4020257643099163,0.5850277091497397,0.622137953930126,0.1148555575596638,0.09318424353398946,0.506355382619974,0.9588311589227131,0.45247577630273905,0.5141832608529793,0.5130083161669337,0.5825436789501793,0.7653009842069123,0.8318608377203022,0,NA,4095,201,35.982225351560444,3.510194105788944,28.31429479294063,40.83656036881492,700.0256897251174,1467.5648388884613,84.32822466629165,0.6111206977536356,-0.8947637809355824
32,0.2812304201179312,0.035457817842469055,0.03711357844428014,0.19751284033899918,0.22208469242465706,0.23569438939804233,0.2519904061851983,0.28089193328584755,0.3122435417859988,0.3272220871653361,0.3404329303287257,0.3560432943348581,0.6078707942320897,0.08771455000459531,0.09206440375371938,0.5062333104448005,0.8071564812695506,0.3009231708247502,0.512336919203479,0.5159075303273061,0.5849088273441673,0.7430380712596323,0.7595635919737544,0,NA,4235,207,36.25438045906219,0.6227761292999822,34.637810859552665,37.64017497382309,1595.6343161986256,604.895860399348,74.87772169105942,0.2016151298821889,0.25766676230505053
33,0.2876387714371343,0.038068289240818724,0.03725803810083235,0.21209364427974453,0.23138606749232798,0.2432553651431366,0.25668876724460776,0.2827441640245678,0.3169030760116486,0.33318511309293464,0.3455051991132457,0.4018817563077016,0.5962327654797327,0.08520960382370724,0.07384155642023336,0.5144121461814297,0.7927061875333791,0.27829404135194935,0.5136644541084916,0.5141832608529793,0.5660028992141604,0.7426108186465248,0.7560387579156176,0,NA,4449,211,37.193414622078286,1.0924822123498696,35.172850000360555,39.218146647144955,518.5903720974538,529.9911652733167,79.08115452074883,0.36418350328158533,-0.6735061254070089
34,0.29817688650541624,0.05375953839972424,0.04478303463771602,0.20785766191701488,0.23407095104317888,0.24301238629994748,0.2572538707095544,0.28827640349280503,0.33173126363677746,0.34602472106712145,0.3973099987611563,0.513953004893186,0.6204582243034978,0.09433697301905605,0.10356821240558475,0.5076371404592965,0.8319066147859923,0.32426947432669573,0.5145799954222934,0.515861753261616,0.5990844586861982,0.7525749599450675,0.7837491416800183,0,NA,4266,218,36.27659913533266,2.6822512303833497,26.428059404323708,39.57853802886509,1715.075672735394,647.2316915746853,79.7917365735845,0.43367912065575354,0.5119161181328431
35,0.2866807233730537,0.0598910175377951,0.04792132948260552,0.19253257184910252,0.21711018210992283,0.2275351251090656,0.24026912707320225,0.27957891441425703,0.3198515383943364,0.3412446982503067,0.3828227844582391,0.5302143492309044,0.5962767986572061,0.12377134727194129,0.07712189517051958,0.49330891889829864,0.9494468604562447,0.45613794155794607,0.4912031738765545,0.48967727168688485,0.5467765316243228,0.7715266651407645,0.8050812542915999,0,NA,4195,204,36.09850585456091,0.5137705984052098,34.746301723606386,37.34315688075711,1358.2138568841924,1453.7398256654692,75.93018769818603,0.22378407984960424,-0.4936507984603336
36,0.29523249631942483,0.05088580183415475,0.03854558958986257,0.21576569559040357,0.2296829484875831,0.24025558056938356,0.25629015534582117,0.28871501777254865,0.3274053669121327,0.3482840596572143,0.3835597918712832,0.4753407689420795,0.655419290849263,0.10931215880479257,0.09460949416342411,0.5335469596398871,0.9477378500038147,0.41419089036392764,0.5435263599603265,0.5442740520332646,0.6205844205386435,0.8006408789196613,0.8316472114137484,2,0.4,3198,184,32.01942953915463,4.9756098307131955,21.427950146835624,39.47294730868729,453.35712382622467,749.3273740944068,80.73320018004775,0.7376916928609676,-0.9971673405275981
37,0.28397151295287604,0.048673475268586217,0.046009576131403725,0.20167632544139424,0.2186193175430271,0.23268150504359308,0.24499386154316968,0.2766688863075091,0.3177727234373771,0.33362915365457585,0.34782906417755766,0.48878242104615494,0.6121897786351895,0.11015672373089971,0.10284427557793557,0.500175478751812,0.9022812237735561,0.4021057450217441,0.5007858396276799,0.5041886015106432,0.5812924391546502,0.7694209201190204,0.8055542839703975,0,NA,3988,200,35.170686247735794,0.4175869530150423,33.79257980681558,36.29019771232997,697.6053849598175,648.9631280952369,73.35367199914356,0.1981203758885563,0.5855086532799336
38,0.2877137863294238,0.042101203708079384,0.04645712152888777,0.21184922208005524,0.22780201360739638,0.239659639745595,0.2505092108083375,0.2809487581919494,0.3216480233506982,0.33500645839803195,0.34504568455298523,0.42242062689755944,0.6111818112458991,0.10316597220268135,0.07410172121766985,0.5222552834363318,0.8972457465476463,0.37499046311131456,0.5203479056992447,0.518074311436637,0.5726405737392233,0.7612115663385977,0.7963988708323796,0,NA,4629,216,38.005551731413306,2.164157110665957,31.95955225139642,40.96007562156776,548.8740758796848,602.5888887342063,82.67493096786214,0.45138424057789217,0.9640033640277299
39,0.28745383933995916,0.10031311207247483,0.05928866888667794,0.020778052981759144,0.2044005940842265,0.21845687176522144,0.23357748062245026,0.2827444495587995,0.329357880440564,0.3666336074062918,0.4603245364193478,0.5661380215691444,0.6169344625009536,0.10850258201733971,0.11247037308308538,0.4873273823147936,0.88450446326390475,0.39717708094911114,0.49127946898603797,0.4986037994964523,0.5863126573586633,0.7551995117112993,0.8185702296482795,0,NA,3699,192,33.85758778445702,0.3326595785743789,33.06552779994954,34.586485251071196,1028.6475048914422,1182.520304228865,71.1172956518325,0.12390418554719722,-0.8036861266363055
40,0.29408280006979753,0.06798039426996758,0.04899630697422864,0.20634686959321008,0.2218999426426472,0.23096348115805984,0.24302103405681114,0.28323577902006153,0.3225789861232001,0.34910416101058656,0.4214887002305895,0.559987220342389,0.5768769141898005,0.0931714757660229,0.04438637674525064,0.5106736858167391,0.8081635767147326,0.2974898908979935,0.5080796520943007,0.5066147859922179,0.5291218432898451,0.7312581063553826,0.7500419623102159,0,NA,3761,194,34.161797103355426,0.8492780788479665,31.500496396866716,35.74758062682977,618.532809801873,1031.3317452331653,73.10977599285356,0.30615669211845836,1.1532658624189331
41,0.29630993979122794,0.0785866912462761,0.053194790870636124,0.1895980738761689,0.21272642007710058,0.22620890281932066,0.23750131173592345,0.27754053811251433,0.32710366854394957,0.3975861633157233,0.4647501178589874,0.5905805777384203,0.584274680345931,0.09240226938981713,0.08763029068436715,0.4922255283436332,0.7154345006485084,0.22320897230487524,0.49059281300068663,0.4916914625772488,0.544151979858091,0.7413748378728924,0.7304951552605478,11,0.6363636363636364,3534,193,33.41435631735229,2.633531596051541,26.800959259311103,39.20493806288415,741.0396011880315,1505.6733533928934,75.63863130325937,0.507763740819579,-0.9803305337877699
42,0.2718719951841712,0.034544968126007186,0.03714935013082499,0.17973718553483176,0.21457984408953165,0.23441056289907977,0.2441725147128454,0.27147111815432245,0.3082746693920959,0.31842269691522473,0.32273554256773945,0.330515522392296,0.6020009007745184,0.11124871774569234,0.08578651407644772,0.49698634317540247,0.9194934004730296,0.42250705729762716,0.49698634317540247,0.5040054932478828,0.5628747997253376,0.7430075532158389,0.781704432745861,0,NA,3665,190,33.71177357793252,0.6144211633275866,32.19246182474924,34.892117469363235,1177.776761886329,2063.688278518329,70.46622937750759,0.2670350425789736,-0.35113815581045427
43,0.28852469311487666,0.06544252257413521,0.05764594669371186,0.19969177722355128,0.2162441467642361,0.2243399045920597,0.23514778243636253,0.2751545227282096,0.32464892037208704,0.3384544790154057,0.421131688665725,0.5497224823139627,0.6285122716737306,0.12531383337431604,0.1284761638818952,0.48807507438773173,0.9550774395361258,0.46700236514839405,0.4955062180514229,0.5032120241092546,0.5949187457084001,0.7779812314030671,0.8746471351186389,1,0.5357142857142857,3526,187,33.05649956045004,0.3989242235360412,32.092890428565944,34.06319435465253,1294.9147113899478,1388.4492050260599,70.06405373073481,0.23785518319536392,0.5754331787086141
44,0.27391727900878543,0.03650984692713543,0.04279953717269103,0.19315232155892045,0.2165072791014907,0.23103017826790667,0.2416187763517686,0.27001585437241343,0.31617340945198286,0.32369348453680086,0.3279978098551485,0.33754271935212726,0.583791866941329,0.0852489235101562,0.06630808880750753,0.49869535362783246,0.7677576867322805,0.26906233310444805,0.5029068436713207,0.49953459983215076,0.5494773785000382,0.7206225680933852,0.7471885252155337,0,NA,3393,184,32.40722133678785,0.3710014059101806,31.598166810654533,33.19030460401041,1033.764133018442,2021.3666766851845,66.91353814219381,0.17293001357083443,-0.7254587559886765
45,0.28616306362640476,0.06482639501980596,0.05672850943107577,0.19683614310473513,0.21269977990256006,0.22240556787411836,0.23469942506619157,0.2735278713809095,0.32212142413280576,0.33583730155976377,0.408818499199362,0.5483128603354062,0.5912071201753208,0.09763769815466374,0.0970754039826047,0.49378194857709623,0.8107881284809644,0.31700617990386815,0.489066910811017,0.4908369573510338,0.5628290226596475,0.7281605249103532,0.7655451285572594,0,NA,3322,182,32.05968018198257,0.38496276223229964,31.077201395306155,32.82472812126178,679.4439077044193,1103.6003531293545,67.45555428387607,0.17201004695114563,0.024917054674962177
46,0.2885109536191666,0.07835391866108221,0.06222799464347095,0.1810500544743389,0.202127181021587,0.21471841883916287,0.22860764644806422,0.27294381200037365,0.3245645142130094,0.3441525074618529,0.463255478179645,0.5906528369169086,0.6204491238778261,0.10605111209684213,0.12224352025635153,0.4920729381246662,0.87519645990692,0.3831235217822538,0.49460593575951783,0.5021286335545891,0.5921416037232013,0.7518120088502327,0.8255741206988632,2,0.6551724137931034,3236,179,31.64557543267923,0.4840270948326437,30.41049380791562,32.61900137894652,1059.0938523449386,1316.7365803255768,67.43298789032582,0.24320880991559307,-0.6591279622695522
47,0.27096573106272004,0.041722923982720185,0.03904799048129057,0.17582251464734525,0.2044621863953751,0.22261452654808564,0.23852750908205367,0.2660485008022995,0.31164962176071864,0.32593468004426457,0.33671092201396546,0.3757175925118773,0.5872635996032655,0.09217785300761487,0.07209958342870212,0.5022507057297627,0.7959563591973754,0.2937056534676127,0.4997940032043946,0.5002822919050889,0.5499809262226292,0.7324025329976348,0.7550164034485389,0,NA,3236,179,31.648977284357706,0.45754193510760377,30.405893624298553,32.88780552981632,938.6105439820303,2058.3851529664284,65.19253059897207,0.21258981324519802,-0.48846013777802627
48,0.2867086789064434,0.06754342190621984,0.05398986780398211,0.1930254366612845,0.21250393157389325,0.22213752980295592,0.23559627946581008,0.2731827364026639,0.32006740477572704,0.3361138342644152,0.41258620122240186,0.5622898919772656,0.5761672388799878,0.06584402330176564,0.0486168825818265,0.517769130998703,0.7200579842832074,0.2022888532845044,0.5108110170138094,0.5158312352178226,0.5486228732738232,0.6823376821545739,0.7020065613794155,0,NA,2276,165,26.756965040027236,4.140865680855725,17.416376617195475,32.96880792027695,762.4884148515174,839.6834344746408,66.94888912181807,0.7122556526245022,-1.3340606841555362
49,0.28313612640428043,0.0671174269258423,0.05905478189735111,0.18381811244990287,0.20683508754576574,0.2174776239953686,0.2305457923907345,0.2680717422184338,0.320115519737315,0.33498704816885166,0.4110651041990511,0.5471300136863386,0.5973582818341344,0.09863776563559085,0.11486841382467375,0.4864881361104753,0.8142671854734111,0.32777904936293584,0.4865796902418555,0.4886396581979095,0.5707179369802395,0.738933394369421,0.753002212558175,1,0.6451612903225806,3112,176,31.019142593124162,0.5745121612123995,29.610344498018225,32.23017010392108,1249.0039494490231,1546.610186312339,65.94450520995588,0.25534558898218507,-1.4666306685012012
50,0.2827153941583812,0.06790522637303814,0.054344276273243265,0.18145800792871364,0.20272034283693305,0.21996679217190812,0.23433766398461292,0.2685669614025953,0.3161662909009768,0.32931414862537756,0.4219865035796872,0.5612295201395506,0.603071985666364,0.09642179473272008,0.0996091828793774,0.4956282902265965,0.8283817807278554,0.3327534905012589,0.49829861905851836,0.4985732814526589,0.5759365224689097,0.7436636911573968,0.7522850385290303,0,NA,2985,172,30.374869883471874,0.6453383239962406,28.867433640462,31.822777850193408,1150.945084399147,1868.6706119886724,65.29788654975107,0.3301321104917936,-0.5305582357897863
51,0.287408521897332,0.05393332275318801,0.053841835709045854,0.20559715086246316,0.2191389844385111,0.2303968526239904,0.24203577377856095,0.27618125829142437,0.32327072198273565,0.33760709292423297,0.3681286570722683,0.4907040075373632,0.6424605962068176,0.1261268422689563,0.11223283131151301,0.5120164797436484,0.9710231174181735,0.4590066376745251,0.5132829785610742,0.5166552224002442,0.6059662775616083,0.7969176775768674,0.9024948500801099,0,NA,3168,178,31.308012840540478,1.1552314597405013,28.63439939008246,33.16246452165238,553.5932420414886,749.1471830847531,68.09967727090309,0.4197318332173781,1.318874400467334
52,0.2865322994473351,0.05433927713810176,0.05458870172395878,0.20363674639371332,0.21789430711235067,0.22750057882829608,0.23960077876730954,0.275596464361079,0.3252137458640246,0.3375677544942729,0.3696091046672033,0.4906570693203436,0.62963400497641,0.11650931271232502,0.1230918837262532,0.5077286945906767,0.9242236972610056,0.4164950026703289,0.5084458686198214,0.5099870298313878,0.5964141298542763,0.7834744792858778,0.8190585183489738,0,NA,3017,173,30.54753441495854,0.6709689794175505,28.902151442073553,31.75082211221249,664.6515445444852,758.8839656777861,65.32571215919472,0.3358957160088901,-0.8067590301600075
53,0.28990058491120274,0.06753967762867519,0.05636047363874469,0.19215931420592708,0.2112533785498088,0.2233627811953438,0.2364503695235964,0.28136207331182944,0.32656348518919254,0.34684764989607025,0.40986732526274394,0.545295406787146,0.6610390220140735,0.12090839669620528,0.12304663767452503,0.5202258335240711,0.9587243457694362,0.43849851224536507,0.5252918287937743,0.5381094071869993,0.6274357213702602,0.7978332188906692,0.9017776760509651,2,0.52,2171,160,26.1111630060069,4.037003944602567,16.571730918193197,32.12199037458612,724.6539795839406,830.046489334566,65.31582005867925,0.699062685428424,-1.2886812981550742
54,0.2844626121712736,0.060652654405701216,0.05641655936699192,0.18855113611500515,0.2087656087466539,0.2225988208643244,0.23609787236309665,0.2733224386114778,0.3230898435427305,0.3335024140640497,0.390161965594057,0.5215756929624653,0.5978312499846179,0.10194760447637993,0.0859901213092241,0.507515068284123,0.8366063935301747,0.3290913252460518,0.5028000305180438,0.5014572365911345,0.5607995727473869,0.7529259174486915,0.7683070115205616,0,NA,3015,173,30.52793408540742,0.7287823639890573,28.422386173896392,31.833648373475512,994.8195323461042,1858.3329326840983,65.2598839930296,0.3242356483706734,0.3185654877948645
55,0.2818958108432045,0.06241470403675821,0.058072310373770544,0.19107882390764697,0.20478051969242353,0.2175030595686239,0.22943625754024138,0.2716665264747155,0.3199418789822046,0.33277242697225307,0.40571882327123077,0.5172365294367796,0.6279061201832135,0.1184810627949173,0.12227745479514752,0.49660486762798506,0.9305714503700313,0.43396658274204625,0.49658960860608836,0.5027237354085603,0.5990539406424048,0.7701686121919585,0.8670481422140841,0,NA,2878,168,29.83191869966581,0.6949065552760635,28.456879127395585,31.36624919748644,746.9852386089162,939.9136419405603,64.03147831255473,0.3407904347636528,-0.39428607579436015
56,0.2831335222745631,0.04703391258178239,0.05217325113468695,0.20476209346472682,0.21881014651226732,0.2295605358496724,0.24106648652992566,0.2736866602403992,0.32328632440126226,0.33507436414914743,0.3482713234866357,0.44166369705584935,0.6440759673230871,0.11685157422180534,0.11460824902723743,0.5150072480354009,0.93501182574197,0.42000457770656907,0.5174334325169757,0.525261310749981,0.6113221942473488,0.7867856870374609,0.8720683604180972,0,NA,2712,164,28.93013085605768,0.44190832113494644,27.91797308718609,30.10507698580484,606.4524631650754,706.5371260557935,60.40813056759779,0.20643027127706776,1.427140231751052
57,0.28349786196534504,0.06891251539814856,0.06015357344701319,0.18511725720025926,0.2037384359757847,0.21783348949081,0.22927809115038517,0.26869069273225477,0.3188246268894107,0.33521007117471935,0.4264797469740103,0.5597069177983297,0.6113700760057142,0.09697409944200627,0.10632822156099789,0.5014419775692378,0.8273289082169832,0.32588693064774543,0.5066147859922179,0.50942244602121,0.5884946974898909,0.7425040054932479,0.7893797207598993,0,NA,2657,164,28.61669279361536,0.7380139060366845,27.09790262347466,30.2036378806504,1134.9689623549245,1808.4463588168974,61.46001618145621,0.3127865930210882,-0.8812920501479312
58,0.28427758422669386,0.07120511279847114,0.06059043490952551,0.18379002217114104,0.2037776348145623,0.21594405364284897,0.22688050795229375,0.27388422821968195,0.3214511151388073,0.3363108789752306,0.4313436399365226,0.5561413244236812,0.6407544060425726,0.1370619546391129,0.1435430991073472,0.49666590371557184,0.9747005416952773,0.47803463797970547,0.4968490119783322,0.4997634851606012,0.6018921187151903,0.8565346761272602,0.9139543755245289,1,0.5416666666666666,2751,166,29.17352924842001,1.340567176241132,25.62589284474945,31.581024094949246,824.5237652018473,1499.0077177009482,64.02684227955831,0.4125669445618351,1.183204181663414
59,0.2860463669114174,0.06185764578771193,0.05780551963273422,0.19833607483434434,0.21312802434755984,0.2211764654549912,0.23371117761858595,0.2758708913886746,0.3254062195984635,0.33858511496726784,0.40477576323626,0.5121998621739203,0.638149734602012,0.11432731364864765,0.12456238040741593,0.508720531013962,0.921034561684596,0.412314030670634,0.5104448004882887,0.5215686274509804,0.6215762569619288,0.7747615777828641,0.8727092393377585,1,0.6666666666666666,2681,162,28.77262601373874,0.48655843523374737,27.522794033931834,29.86819595666664,699.5555604150418,894.1680940187582,60.455531378979735,0.18087707685579554,-0.38103752084695897
60,0.2864336191231538,0.06753024880016119,0.06093884621572059,0.1907743868325957,0.20549000641947193,0.21700477627169446,0.229862285461787,0.27683225979342385,0.32696747497136863,0.3419101179156589,0.40797605229745526,0.5439036334027172,0.6481981638310318,0.10747188296602374,0.11666694438086526,0.5263294422827497,0.9211108567940794,0.39478141451132975,0.5280689707789731,0.5387502861066605,0.6243076218814374,0.7686427100022889,0.8602578774700542,2,0.5384615384615384,2150,147,25.98692233752446,3.212031784730236,18.90152060396506,31.213911921908334,820.3162152704524,1187.5103859448955,63.06846151272243,0.667457162687385,-0.9375605236467941
61,0.294578215901793,0.0770797542607435,0.06257455257405238,0.1912463384897072,0.20997599364885186,0.21726718686393096,0.23078908186225083,0.28544719570127847,0.33125846345330706,0.3897305028177179,0.4522264018877099,0.5662960565819494,0.6556382085908293,0.11605936693448174,0.12791058823529408,0.5152208743419546,0.9452658884565499,0.4300450141145953,0.5160753795681697,0.5270466163118944,0.6444647898069734,0.7937285420004577,0.8883344777599755,3,0.5185185185185185,2324,158,26.80680020132068,2.5385218127313345,20.429613101861445,30.312749172218375,865.2446678182976,1082.3120144918398,62.475346517446795,0.5595782093815667,-1.191854043404606
62,0.2876994441700773,0.06884782303640093,0.06190807178887632,0.19021003865365144,0.20715071898017584,0.21660981256290046,0.23041816186991898,0.2789116109746609,0.32813475273875525,0.36146235439510166,0.43034203089079054,0.5293177401972107,0.5941721435655974,0.09484321405872066,0.08349027695124746,0.5072404058899824,0.8039063096055543,0.2966659037155719,0.5053940642404822,0.49799343862058443,0.5668574044403754,0.7305714503700312,0.7677424277103838,0,NA,2334,157,26.868343624019012,2.6942633119062616,20.17894308445914,30.865414632545697,905.3206695828503,1097.8562053794194,62.44992505202616,0.563772913934824,-1.1734581791466387
63,0.2876792354018283,0.07256396934060187,0.059246506468153916,0.18602828172731503,0.2063083105874333,0.2184693640212475,0.23289993781482043,0.2740022471874535,0.32096030774410933,0.3372261065121821,0.4337188616646649,0.5682272127873611,0.6508317825523037,0.11280856236706398,0.1216213870450903,0.5187151903562982,0.9346761272602426,0.4159609369039444,0.5249256122682536,0.5276112001220722,0.6348058289463645,0.7932402532997634,0.8518654154268711,1,0.5454545454545454,2506,159,27.837574818372573,1.8399447669462776,22.96247431037536,30.98840937774686,979.4716349646002,1747.8821556109467,61.41220576628601,0.41970122158326617,0.336804339442032
64,0.2867647013885042,0.07831460908814737,0.06501337294673833,0.17797044754262872,0.19465764576165198,0.20901072446847185,0.22501986579555522,0.274259618925765,0.3261571676408977,0.3434519653978605,0.4635781558635368,0.577178848940103,0.6062827609787249,0.09540288198961328,0.10881675440604267,0.5035782406347753,0.8119172961013199,0.3083390554665446,0.5043869687953002,0.5054093232623789,0.5810177767605097,0.7360952162966354,0.7725642786297399,0,NA,2466,156,27.567957099866362,0.4046285282956342,26.589672501944747,28.520535411715933,1081.2085741597232,1396.597000128723,58.60943755235464,0.22872411537124251,-0.7909798348075877
65,0.28039873899980605,0.07163506838792691,0.06437888512560729,0.18053276792219847,0.1926037944763407,0.20161758200356766,0.21921453961546283,0.27237506706698034,0.32111305108542443,0.3358607354970823,0.4270649262152104,0.53950209335813,0.6236144263152732,0.11518138311939574,0.12555779354543362,0.4894331273365377,0.8943312733653773,0.4048981460288396,0.48931105516136414,0.49585717555504694,0.6036469062333104,0.7621271076523994,0.8173800259403372,1,0.7,2468,157,27.565607341728565,0.4308721868905255,26.434922814809216,28.637578052429546,857.5106291233394,1360.6983565419869,58.562477513204826,0.23051786037609073,0.26392616437382627
66,0.28285421875965183,0.06529676560533645,0.06056265078861961,0.1925704099139116,0.20717008221639197,0.215603721028455,0.2266757345349179,0.2739040223931365,0.32421714969949117,0.33667551185237077,0.41473532452137807,0.5267098805577414,0.6165540484507117,0.10631107897184408,0.11490234836346981,0.49585717555504694,0.8527504386968795,0.35689326314183256,0.4981460288395514,0.5050125886930648,0.589242389562829,0.7536278324559396,0.7957427328908216,1,0.6818181818181818,2456,155,27.521884480313805,0.41514705445153044,26.285148115360002,28.315605725031705,724.3491134359363,1028.0304221953172,58.39321781971648,0.24088174880872412,-0.7481818601203941
67,0.292841797589165,0.07725281702450401,0.062348013557544275,0.18544459875426295,0.2018914180639732,0.21478763167657525,0.2306105713416779,0.282747458494607,0.32912722083663914,0.38866210634124804,0.4409653426760428,0.5628927654086753,0.6288207710501141,0.09523135720496947,0.11327349050125887,0.5159685664148929,0.8403753719386587,0.3244068055237659,0.5147631036850537,0.5208056763561456,0.6021972991531243,0.7418631265735867,0.7956206607156481,1,0.68,2043,145,25.337814309269923,3.0007083250895863,18.417698152371447,29.769422261501607,851.5427358883562,1210.657819100238,61.03359806650116,0.6398499817375116,-0.9458011100302379
68,0.282381058942258,0.07184304241409903,0.061133279931930615,0.17876942686086392,0.1961679969266007,0.2119706608431613,0.22625950505527387,0.27327318261293043,0.3208919017865294,0.3339195192294604,0.4403574438651754,0.5487398041457168,0.6405675225847652,0.11887420256046492,0.1287476401922637,0.5053177691309987,0.9314106965743496,0.4260929274433509,0.5116807812619211,0.5164721141374838,0.6129243915465019,0.7786068513008316,0.874692912184329,2,0.5384615384615384,2384,154,27.09175568522917,0.4911138865055009,25.993320755522525,28.114159611354665,903.2441458209706,1270.3578751899806,58.09936366258372,0.3041526559720124,-0.26497647225950394
69,0.2947335790740844,0.08259681993509511,0.05761865252651709,0.20065192456954756,0.21545600613967852,0.2230205860421503,0.23503976609587124,0.28306042909859486,0.32728773222723473,0.34513774186326696,0.4400992674991393,0.65273704356816,0.6484245059891661,0.11527592762461979,0.12772960402838182,0.518776226443885,0.9313496604867628,0.41257343404287783,0.5198901350423438,0.5255970092317083,0.6318608377203021,0.786175326161593,0.8787823300526436,1,0.6666666666666666,2492,159,27.723279493610775,0.8231863424282537,25.322821387413917,28.964845315501695,664.361529376938,993.4392822397581,59.17416349411805,0.25048963622929105,0.8571715838038239
70,0.2974766792873059,0.08908598201599527,0.06447428218888605,0.1870053379039558,0.20576020783631177,0.21734721977394816,0.22907927385013643,0.2792335613778534,0.3293839546259152,0.40520512496007655,0.5097790951723821,0.597772498763579,0.5994280918593118,0.09243101861557398,0.08085469443808656,0.5117875944151979,0.7895017929350728,0.2777141985198749,0.5098191805905241,0.5095902952620737,0.5647364003967346,0.7399252307927062,0.7659876401922637,0,NA,2310,159,26.694054190854125,1.4004962009791952,21.796241514074627,29.312039181797218,1003.2377376970554,1706.73084432797,57.55178936311005,0.2684033640439931,0.5111937285772793
71,0.28075986470468733,0.06504916996143044,0.06249414378491463,0.17740690829467615,0.20030257996901701,0.215524759699903,0.22725517702273518,0.2671532384553762,0.3240786868361638,0.33631418310062206,0.41063197021348374,0.5140967700692535,0.6233021613314587,0.1180319350675891,0.11339791714351119,0.5022049286640726,0.9170824750133516,0.414877546349279,0.5009842069123369,0.5088273441672388,0.5920347905699245,0.7681696803234913,0.8598458838788434,1,0.6666666666666666,2468,156,27.56883938651866,0.8133838187977005,24.239246922857273,28.695618607806338,1077.1458162080166,1666.0646015686536,59.279786729617804,0.3443366530405485,0.3322214978380048
72,0.2824189886747684,0.07065729001385784,0.06585735074188749,0.1790670201123838,0.19713792473247985,0.2099686653091187,0.22357669952647108,0.2724730133631353,0.323642845560558,0.33852266156714783,0.4289813865994666,0.5491385550863678,0.6124085192293021,0.09586514392320421,0.10001639734493016,0.5098344396124208,0.8222934309910734,0.31245899137865263,0.5068436713206683,0.5138170443274586,0.5811703669794767,0.7366445410849165,0.7808651865415427,1,0.68,2231,148,26.19657003200785,0.46192676639201347,25.185916625659207,27.378589317775557,1007.402030416126,1579.4631408807024,55.94223734421909,0.28431456346034184,-0.3049649857106707
73,0.28544651470645144,0.08028339705090633,0.06453281426759562,0.17860615970512064,0.19986216305365492,0.21236247052770907,0.22355628647035436,0.2700469558763735,0.32238682458448464,0.33770303032026394,0.4584173001972915,0.5831887749474728,0.6220892507456939,0.11534840124888006,0.12533156328679335,0.504097047379263,0.899320973525597,0.39522392614633406,0.5030289158464942,0.5035172045471885,0.5934691386282139,0.7620050354772259,0.8168154421301594,1,0.7,2317,154,26.67963603862323,0.6742482179296528,25.33096908139923,28.23778107991296,1132.5022368465518,1581.448045104254,57.494379450075364,0.29509709734908185,0.3709299251315481
74,0.28140469832424553,0.08219070242524648,0.0623756006443503,0.1758197586114015,0.19148143246074154,0.20689598645504637,0.22217950288927518,0.265323897375759,0.31645350978193526,0.3341748858994994,0.45081100545864966,0.5769544460130361,0.6375652704661631,0.1294392973966516,0.12374795147631025,0.4998550392919814,0.9591515983825437,0.45929655909056233,0.503242542153048,0.5060959792477302,0.5999237048905165,0.8203250171663996,0.9027237354085603,0,NA,2238,150,26.21962244606665,0.5238096634233516,24.80612200423303,27.304645921324198,1125.4340832336413,1528.9551941178386,55.53945505014316,0.16026643606098342,-0.3056467881569799
75,0.2846344747271524,0.07113708319941475,0.06441281333064787,0.18398329533750463,0.20296665045050122,0.2168130561413551,0.22746928837194325,0.2707471770624389,0.32409597840764937,0.33633786712274794,0.43239424014645483,0.5450782378430982,0.6374984594256738,0.1234955774418039,0.1186125246051728,0.51386282139314865,0.961348897535668,0.44748607614251934,0.5170061799038682,0.518074311436637,0.5937285420004578,0.7732356755931945,0.878309300373846,1,0.68,2242,149,26.267736771652636,0.9755193359226291,24.357805505998773,28.106473097983248,1002.5467660361195,1797.264773675185,57.631147077490304,0.4143865897824119,-0.17312547684819832
76,0.28947261553747433,0.09595717542969012,0.0625665975010022,0.17328257242793804,0.19633306278498347,0.20958226140240874,0.2240471032357353,0.27187598696707604,0.3195091199761606,0.3513480524820326,0.4964278819454506,0.704676883909342,0.6108072022583353,0.10080298140316556,0.10809281757839333,0.5009079118028534,0.8406958113984894,0.33978789959563593,0.49951934081025406,0.5002365148393988,0.5905241474021515,0.7365987640192264,0.7947661554894331,2,0.6296296296296297,2317,158,26.658984994403706,1.328846115537117,22.710083155787782,28.488523622831444,867.5189280205884,1470.4542252932822,57.603245565462544,0.2703321760293668,1.4051001347024883
77,0.2778395207013072,0.06311240050114932,0.0625568989245735,0.1843190505040666,0.19826008479281879,0.21090414295310414,0.22297411548215768,0.2704793893796391,0.3213876913607442,0.3346321974130526,0.39024049933314875,0.5016554247060321,0.6450344599577834,0.13222919237869218,0.13211847104600596,0.5102311741817349,0.9741969939726863,0.4639658197909514,0.5126573586633096,0.5142595559624628,0.6103761348897536,0.803219653620203,0.8791943236438544,1,0.7,2114,145,25.481508038840616,0.46992944030707356,24.153021883643696,26.877426445228423,934.1059459405424,1173.511536659333,53.83651364093263,0.22853338915152427,-1.1425210766108085
78,0.28235709515510615,0.06457768685103735,0.06173451567800433,0.19041409823408711,0.20258657450950313,0.21598057630624862,0.2286008664187455,0.27046469673668216,0.3212166340627321,0.33200537012409925,0.40875454995013494,0.5195738909367952,0.6501195290048575,0.12707522138048438,0.1253428747997254,0.5182269016556039,0.9763027389944304,0.4580758373388265,0.515602349889372,0.5177233539330129,0.6091554131380178,0.8306706340123599,0.883939879453727,1,0.6521739130434783,2179,148,25.885071055199905,0.9508959535300451,24.060834528704078,27.4618551439521,1075.9274777747255,1806.0944647481176,56.73895111358239,0.4206531406329098,-1.3375215037922936
79,0.27429385092934194,0.07064114018824122,0.06498912800223695,0.1585295570644092,0.1789998400686866,0.19600259731383468,0.218907570335436,0.2671713262786576,0.31770268145437053,0.33099806966342904,0.4075456746927559,0.5219678945609046,0.6345591414257012,0.10212118751472427,0.11003839780270094,0.5217822537575342,0.8672770275425346,0.3454947737850004,0.5224536507209888,0.5219653620202945,0.6005645838101777,0.776424811169604,0.8131380178530556,1,0.6521739130434783,1878,136,24.000620610628395,0.4773757852253957,22.880275971821558,25.08147838462626,1008.5654652601795,1419.346023833447,50.711575292034226,0.23936819573393817,0.42097713546817317
80,0.2841645629373004,0.07674397685117013,0.06806480841502023,0.17239337957643988,0.18982460386303243,0.20471390063778058,0.21870013340426064,0.2779044463214166,0.32418338584254214,0.37231807868574723,0.45638955651211505,0.5442506509518573,0.6478620029547015,0.09610897536405996,0.1161918608377202,0.530083161669337,0.8560769054703593,0.3259937438010223,0.5316853589684901,0.544655527580682,0.6303501945525292,0.7672846570534829,0.8153963530937667,2,0.6190476190476191,1665,131,22.57918448001807,1.7670119891523017,17.870529000876473,25.104455169682243,952.2218339025529,1478.8501007823932,51.04730958184488,0.4851139324204651,1.4075870539921669
81,0.277889835041031,0.07312083836469875,0.06559199698169112,0.17068515469474715,0.1867024873762353,0.20107028669269758,0.21952130395332115,0.2704688391828878,0.31897591052673224,0.3346965967089402,0.4260743233723,0.5445383866811893,0.64638211908008,0.11803264147624104,0.12476598764019231,0.5226672770275426,0.9465018692301823,0.42383459220263975,0.5232166018158236,0.5239795529106585,0.6179293507286183,0.7913633936064698,0.8582742046234836,1,0.6818181818181818,1819,134,23.627733345239708,0.9005077602200091,21.816087889439192,25.108746553468215,1006.4626007817557,1520.5945821950056,52.29290436696141,0.45041566461462007,-0.37773234682393736
82,0.2864244765334242,0.08570195226262321,0.06978225622952368,0.15745318037210904,0.17821897922067886,0.1987765359924102,0.21903966542537046,0.2779014198583438,0.32279433172338334,0.4145719600443515,0.471126679481769,0.5391135654565965,0.6577096208133059,0.1131044613814244,0.1195853147173266,0.5335469596398871,0.9419241626611734,0.40837720302128633,0.5403982604715037,0.544304570077058,0.6233615625238422,0.8064240482185092,0.862027924010071,1,0.6666666666666666,1408,120,20.716120666984843,1.363404667991609,16.687824070927306,22.77791632749199,986.3614058849661,1466.5843021722417,45.62651778666008,0.37576218437769693,1.1668396814056095
